[?2026h[?25l[1Gpulling manifest ⠋ [K[?25h[?2026l[?2026h[?25l[1Gpulling manifest ⠙ [K[?25h[?2026l[?2026h[?25l[1Gpulling manifest ⠹ [K[?25h[?2026l[?2026h[?25l[1Gpulling manifest ⠸ [K[?25h[?2026l[?2026h[?25l[1Gpulling manifest ⠼ [K[?25h[?2026l[?2026h[?25l[1Gpulling manifest ⠴ [K[?25h[?2026l[?2026h[?25l[1Gpulling manifest ⠧ [K[?25h[?2026l[?2026h[?25l[1Gpulling manifest ⠧ [K[?25h[?2026l[?2026h[?25l[1Gpulling manifest ⠇ [K[?25h[?2026l[?2026h[?25l[1Gpulling manifest ⠏ [K[?25h[?2026l[?2026h[?25l[1Gpulling manifest ⠋ [K[?25h[?2026l[?2026h[?25l[1Gpulling manifest ⠙ [K[?25h[?2026l[?2026h[?25l[1Gpulling manifest ⠹ [K[?25h[?2026l[?2026h[?25l[1Gpulling manifest [K
pulling 065b9a7416ba:   0% ▕                  ▏ 907 KB/ 18 GB                  [K[?25h[?2026l[?2026h[?25l[A[1Gpulling manifest [K
pulling 065b9a7416ba:   0% ▕                  ▏  16 MB/ 18 GB                  [K[?25h[?2026l[?2026h[?25l[A[1Gpulling manifest [K
pulling 065b9a7416ba:   0% ▕                  ▏  50 MB/ 18 GB                  [K[?25h[?2026l[?2026h[?25l[A[1Gpulling manifest [K
pulling 065b9a7416ba:   1% ▕                  ▏ 137 MB/ 18 GB                  [K[?25h[?2026l[?2026h[?25l[A[1Gpulling manifest [K
pulling 065b9a7416ba:   1% ▕                  ▏ 225 MB/ 18 GB                  [K[?25h[?2026l[?2026h[?25l[A[1Gpulling manifest [K
pulling 065b9a7416ba:   1% ▕                  ▏ 267 MB/ 18 GB                  [K[?25h[?2026l[?2026h[?25l[A[1Gpulling manifest [K
pulling 065b9a7416ba:   2% ▕                  ▏ 355 MB/ 18 GB                  [K[?25h[?2026l[?2026h[?25l[A[1Gpulling manifest [K
pulling 065b9a7416ba:   2% ▕                  ▏ 437 MB/ 18 GB                  [K[?25h[?2026l[?2026h[?25l[A[1Gpulling manifest [K
pulling 065b9a7416ba:   2% ▕                  ▏ 459 MB/ 18 GB                  [K[?25h[?2026l[?2026h[?25l[A[1Gpulling manifest [K
pulling 065b9a7416ba:   3% ▕                  ▏ 574 MB/ 18 GB                  [K[?25h[?2026l[?2026h[?25l[A[1Gpulling manifest [K
pulling 065b9a7416ba:   3% ▕                  ▏ 654 MB/ 18 GB  653 MB/s     27s[K[?25h[?2026l[?2026h[?25l[A[1Gpulling manifest [K
pulling 065b9a7416ba:   4% ▕                  ▏ 710 MB/ 18 GB  653 MB/s     27s[K[?25h[?2026l[?2026h[?25l[A[1Gpulling manifest [K
pulling 065b9a7416ba:   4% ▕                  ▏ 808 MB/ 18 GB  653 MB/s     27s[K[?25h[?2026l[?2026h[?25l[A[1Gpulling manifest [K
pulling 065b9a7416ba:   5% ▕                  ▏ 907 MB/ 18 GB  653 MB/s     27s[K[?25h[?2026l[?2026h[?25l[A[1Gpulling manifest [K
pulling 065b9a7416ba:   5% ▕                  ▏ 956 MB/ 18 GB  653 MB/s     27s[K[?25h[?2026l[?2026h[?25l[A[1Gpulling manifest [K
pulling 065b9a7416ba:   6% ▕█                 ▏ 1.1 GB/ 18 GB  653 MB/s     27s[K[?25h[?2026l[?2026h[?25l[A[1Gpulling manifest [K
pulling 065b9a7416ba:   6% ▕█                 ▏ 1.1 GB/ 18 GB  653 MB/s     27s[K[?25h[?2026l[?2026h[?25l[A[1Gpulling manifest [K
pulling 065b9a7416ba:   6% ▕█                 ▏ 1.2 GB/ 18 GB  653 MB/s     26s[K[?25h[?2026l[?2026h[?25l[A[1Gpulling manifest [K
pulling 065b9a7416ba:   7% ▕█                 ▏ 1.3 GB/ 18 GB  653 MB/s     26s[K[?25h[?2026l[?2026h[?25l[A[1Gpulling manifest [K
pulling 065b9a7416ba:   7% ▕█                 ▏ 1.4 GB/ 18 GB  653 MB/s     26s[K[?25h[?2026l[?2026h[?25l[A[1Gpulling manifest [K
pulling 065b9a7416ba:   8% ▕█                 ▏ 1.4 GB/ 18 GB  653 MB/s     26s[K[?25h[?2026l[?2026h[?25l[A[1Gpulling manifest [K
pulling 065b9a7416ba:   8% ▕█                 ▏ 1.5 GB/ 18 GB  735 MB/s     23s[K[?25h[?2026l[?2026h[?25l[A[1Gpulling manifest [K
pulling 065b9a7416ba:   8% ▕█                 ▏ 1.6 GB/ 18 GB  735 MB/s     23s[K[?25h[?2026l[?2026h[?25l[A[1Gpulling manifest [K
pulling 065b9a7416ba:   9% ▕█                 ▏ 1.6 GB/ 18 GB  735 MB/s     23s[K[?25h[?2026l[?2026h[?25l[A[1Gpulling manifest [K
pulling 065b9a7416ba:   9% ▕█                 ▏ 1.7 GB/ 18 GB  735 MB/s     23s[K[?25h[?2026l[?2026h[?25l[A[1Gpulling manifest [K
pulling 065b9a7416ba:  10% ▕█                 ▏ 1.8 GB/ 18 GB  735 MB/s     23s[K[?25h[?2026l[?2026h[?25l[A[1Gpulling manifest [K
pulling 065b9a7416ba:  10% ▕█                 ▏ 1.8 GB/ 18 GB  735 MB/s     23s[K[?25h[?2026l[?2026h[?25l[A[1Gpulling manifest [K
pulling 065b9a7416ba:  10% ▕█                 ▏ 1.9 GB/ 18 GB  735 MB/s     22s[K[?25h[?2026l[?2026h[?25l[A[1Gpulling manifest [K
pulling 065b9a7416ba:  11% ▕█                 ▏ 2.0 GB/ 18 GB  735 MB/s     22s[K[?25h[?2026l[?2026h[?25l[A[1Gpulling manifest [K
pulling 065b9a7416ba:  11% ▕█                 ▏ 2.1 GB/ 18 GB  735 MB/s     22s[K[?25h[?2026l[?2026h[?25l[A[1Gpulling manifest [K
pulling 065b9a7416ba:  11% ▕██                ▏ 2.1 GB/ 18 GB  735 MB/s     22s[K[?25h[?2026l[?2026h[?25l[A[1Gpulling manifest [K
pulling 065b9a7416ba:  12% ▕██                ▏ 2.2 GB/ 18 GB  731 MB/s     22s[K[?25h[?2026l[?2026h[?25l[A[1Gpulling manifest [K
pulling 065b9a7416ba:  12% ▕██                ▏ 2.3 GB/ 18 GB  731 MB/s     22s[K[?25h[?2026l[?2026h[?25l[A[1Gpulling manifest [K
pulling 065b9a7416ba:  13% ▕██                ▏ 2.4 GB/ 18 GB  731 MB/s     22s[K[?25h[?2026l[?2026h[?25l[A[1Gpulling manifest [K
pulling 065b9a7416ba:  13% ▕██                ▏ 2.5 GB/ 18 GB  731 MB/s     22s[K[?25h[?2026l[?2026h[?25l[A[1Gpulling manifest [K
pulling 065b9a7416ba:  13% ▕██                ▏ 2.5 GB/ 18 GB  731 MB/s     22s[K[?25h[?2026l[?2026h[?25l[A[1Gpulling manifest [K
pulling 065b9a7416ba:  14% ▕██                ▏ 2.6 GB/ 18 GB  731 MB/s     22s[K[?25h[?2026l[?2026h[?25l[A[1Gpulling manifest [K
pulling 065b9a7416ba:  14% ▕██                ▏ 2.7 GB/ 18 GB  731 MB/s     22s[K[?25h[?2026l[?2026h[?25l[A[1Gpulling manifest [K
pulling 065b9a7416ba:  15% ▕██                ▏ 2.8 GB/ 18 GB  731 MB/s     21s[K[?25h[?2026l[?2026h[?25l[A[1Gpulling manifest [K
pulling 065b9a7416ba:  15% ▕██                ▏ 2.9 GB/ 18 GB  731 MB/s     21s[K[?25h[?2026l[?2026h[?25l[A[1Gpulling manifest [K
pulling 065b9a7416ba:  16% ▕██                ▏ 3.0 GB/ 18 GB  731 MB/s     21s[K[?25h[?2026l[?2026h[?25l[A[1Gpulling manifest [K
pulling 065b9a7416ba:  16% ▕██                ▏ 3.0 GB/ 18 GB  753 MB/s     20s[K[?25h[?2026l[?2026h[?25l[A[1Gpulling manifest [K
pulling 065b9a7416ba:  17% ▕██                ▏ 3.1 GB/ 18 GB  753 MB/s     20s[K[?25h[?2026l[?2026h[?25l[A[1Gpulling manifest [K
pulling 065b9a7416ba:  17% ▕███               ▏ 3.2 GB/ 18 GB  753 MB/s     20s[K[?25h[?2026l[?2026h[?25l[A[1Gpulling manifest [K
pulling 065b9a7416ba:  17% ▕███               ▏ 3.3 GB/ 18 GB  753 MB/s     20s[K[?25h[?2026l[?2026h[?25l[A[1Gpulling manifest [K
pulling 065b9a7416ba:  18% ▕███               ▏ 3.4 GB/ 18 GB  753 MB/s     20s[K[?25h[?2026l[?2026h[?25l[A[1Gpulling manifest [K
pulling 065b9a7416ba:  19% ▕███               ▏ 3.5 GB/ 18 GB  753 MB/s     20s[K[?25h[?2026l[?2026h[?25l[A[1Gpulling manifest [K
pulling 065b9a7416ba:  19% ▕███               ▏ 3.6 GB/ 18 GB  753 MB/s     20s[K[?25h[?2026l[?2026h[?25l[A[1Gpulling manifest [K
pulling 065b9a7416ba:  20% ▕███               ▏ 3.7 GB/ 18 GB  753 MB/s     20s[K[?25h[?2026l[?2026h[?25l[A[1Gpulling manifest [K
pulling 065b9a7416ba:  20% ▕███               ▏ 3.8 GB/ 18 GB  753 MB/s     19s[K[?25h[?2026l[?2026h[?25l[A[1Gpulling manifest [K
pulling 065b9a7416ba:  21% ▕███               ▏ 3.9 GB/ 18 GB  753 MB/s     19s[K[?25h[?2026l[?2026h[?25l[A[1Gpulling manifest [K
pulling 065b9a7416ba:  21% ▕███               ▏ 4.0 GB/ 18 GB  798 MB/s     18s[K[?25h[?2026l[?2026h[?25l[A[1Gpulling manifest [K
pulling 065b9a7416ba:  22% ▕███               ▏ 4.1 GB/ 18 GB  798 MB/s     18s[K[?25h[?2026l[?2026h[?25l[A[1Gpulling manifest [K
pulling 065b9a7416ba:  22% ▕███               ▏ 4.2 GB/ 18 GB  798 MB/s     18s[K[?25h[?2026l[?2026h[?25l[A[1Gpulling manifest [K
pulling 065b9a7416ba:  23% ▕████              ▏ 4.3 GB/ 18 GB  798 MB/s     18s[K[?25h[?2026l[?2026h[?25l[A[1Gpulling manifest [K
pulling 065b9a7416ba:  23% ▕████              ▏ 4.4 GB/ 18 GB  798 MB/s     18s[K[?25h[?2026l[?2026h[?25l[A[1Gpulling manifest [K
pulling 065b9a7416ba:  24% ▕████              ▏ 4.4 GB/ 18 GB  798 MB/s     18s[K[?25h[?2026l[?2026h[?25l[A[1Gpulling manifest [K
pulling 065b9a7416ba:  24% ▕████              ▏ 4.6 GB/ 18 GB  798 MB/s     17s[K[?25h[?2026l[?2026h[?25l[A[1Gpulling manifest [K
pulling 065b9a7416ba:  25% ▕████              ▏ 4.7 GB/ 18 GB  798 MB/s     17s[K[?25h[?2026l[?2026h[?25l[A[1Gpulling manifest [K
pulling 065b9a7416ba:  25% ▕████              ▏ 4.7 GB/ 18 GB  798 MB/s     17s[K[?25h[?2026l[?2026h[?25l[A[1Gpulling manifest [K
pulling 065b9a7416ba:  25% ▕████              ▏ 4.8 GB/ 18 GB  798 MB/s     17s[K[?25h[?2026l[?2026h[?25l[A[1Gpulling manifest [K
pulling 065b9a7416ba:  26% ▕████              ▏ 4.9 GB/ 18 GB  808 MB/s     17s[K[?25h[?2026l[?2026h[?25l[A[1Gpulling manifest [K
pulling 065b9a7416ba:  26% ▕████              ▏ 4.9 GB/ 18 GB  808 MB/s     17s[K[?25h[?2026l[?2026h[?25l[A[1Gpulling manifest [K
pulling 065b9a7416ba:  27% ▕████              ▏ 5.0 GB/ 18 GB  808 MB/s     17s[K[?25h[?2026l[?2026h[?25l[A[1Gpulling manifest [K
pulling 065b9a7416ba:  27% ▕████              ▏ 5.1 GB/ 18 GB  808 MB/s     16s[K[?25h[?2026l[?2026h[?25l[A[1Gpulling manifest [K
pulling 065b9a7416ba:  27% ▕████              ▏ 5.2 GB/ 18 GB  808 MB/s     16s[K[?25h[?2026l[?2026h[?25l[A[1Gpulling manifest [K
pulling 065b9a7416ba:  28% ▕█████             ▏ 5.3 GB/ 18 GB  808 MB/s     16s[K[?25h[?2026l[?2026h[?25l[A[1Gpulling manifest [K
pulling 065b9a7416ba:  29% ▕█████             ▏ 5.4 GB/ 18 GB  808 MB/s     16s[K[?25h[?2026l[?2026h[?25l[A[1Gpulling manifest [K
pulling 065b9a7416ba:  29% ▕█████             ▏ 5.4 GB/ 18 GB  808 MB/s     16s[K[?25h[?2026l[?2026h[?25l[A[1Gpulling manifest [K
pulling 065b9a7416ba:  29% ▕█████             ▏ 5.5 GB/ 18 GB  808 MB/s     16s[K[?25h[?2026l[?2026h[?25l[A[1Gpulling manifest [K
pulling 065b9a7416ba:  30% ▕█████             ▏ 5.6 GB/ 18 GB  808 MB/s     16s[K[?25h[?2026l[?2026h[?25l[A[1Gpulling manifest [K
pulling 065b9a7416ba:  30% ▕█████             ▏ 5.7 GB/ 18 GB  808 MB/s     16s[K[?25h[?2026l[?2026h[?25l[A[1Gpulling manifest [K
pulling 065b9a7416ba:  31% ▕█████             ▏ 5.8 GB/ 18 GB  821 MB/s     15s[K[?25h[?2026l[?2026h[?25l[A[1Gpulling manifest [K
pulling 065b9a7416ba:  31% ▕█████             ▏ 5.9 GB/ 18 GB  821 MB/s     15s[K[?25h[?2026l[?2026h[?25l[A[1Gpulling manifest [K
pulling 065b9a7416ba:  31% ▕█████             ▏ 5.9 GB/ 18 GB  821 MB/s     15s[K[?25h[?2026l[?2026h[?25l[A[1Gpulling manifest [K
pulling 065b9a7416ba:  32% ▕█████             ▏ 6.0 GB/ 18 GB  821 MB/s     15s[K[?25h[?2026l[?2026h[?25l[A[1Gpulling manifest [K
pulling 065b9a7416ba:  32% ▕█████             ▏ 6.1 GB/ 18 GB  821 MB/s     15s[K[?25h[?2026l[?2026h[?25l[A[1Gpulling manifest [K
pulling 065b9a7416ba:  33% ▕█████             ▏ 6.1 GB/ 18 GB  821 MB/s     15s[K[?25h[?2026l[?2026h[?25l[A[1Gpulling manifest [K
pulling 065b9a7416ba:  33% ▕█████             ▏ 6.2 GB/ 18 GB  821 MB/s     15s[K[?25h[?2026l[?2026h[?25l[A[1Gpulling manifest [K
pulling 065b9a7416ba:  34% ▕██████            ▏ 6.3 GB/ 18 GB  821 MB/s     15s[K[?25h[?2026l[?2026h[?25l[A[1Gpulling manifest [K
pulling 065b9a7416ba:  34% ▕██████            ▏ 6.4 GB/ 18 GB  821 MB/s     15s[K[?25h[?2026l[?2026h[?25l[A[1Gpulling manifest [K
pulling 065b9a7416ba:  34% ▕██████            ▏ 6.5 GB/ 18 GB  821 MB/s     15s[K[?25h[?2026l[?2026h[?25l[A[1Gpulling manifest [K
pulling 065b9a7416ba:  35% ▕██████            ▏ 6.6 GB/ 18 GB  816 MB/s     15s[K[?25h[?2026l[?2026h[?25l[A[1Gpulling manifest [K
pulling 065b9a7416ba:  35% ▕██████            ▏ 6.6 GB/ 18 GB  816 MB/s     14s[K[?25h[?2026l[?2026h[?25l[A[1Gpulling manifest [K
pulling 065b9a7416ba:  36% ▕██████            ▏ 6.7 GB/ 18 GB  816 MB/s     14s[K[?25h[?2026l[?2026h[?25l[A[1Gpulling manifest [K
pulling 065b9a7416ba:  36% ▕██████            ▏ 6.8 GB/ 18 GB  816 MB/s     14s[K[?25h[?2026l[?2026h[?25l[A[1Gpulling manifest [K
pulling 065b9a7416ba:  37% ▕██████            ▏ 6.9 GB/ 18 GB  816 MB/s     14s[K[?25h[?2026l[?2026h[?25l[A[1Gpulling manifest [K
pulling 065b9a7416ba:  37% ▕██████            ▏ 7.0 GB/ 18 GB  816 MB/s     14s[K[?25h[?2026l[?2026h[?25l[A[1Gpulling manifest [K
pulling 065b9a7416ba:  38% ▕██████            ▏ 7.1 GB/ 18 GB  816 MB/s     14s[K[?25h[?2026l[?2026h[?25l[A[1Gpulling manifest [K
pulling 065b9a7416ba:  38% ▕██████            ▏ 7.2 GB/ 18 GB  816 MB/s     14s[K[?25h[?2026l[?2026h[?25l[A[1Gpulling manifest [K
pulling 065b9a7416ba:  39% ▕██████            ▏ 7.3 GB/ 18 GB  816 MB/s     14s[K[?25h[?2026l[?2026h[?25l[A[1Gpulling manifest [K
pulling 065b9a7416ba:  39% ▕███████           ▏ 7.4 GB/ 18 GB  816 MB/s     14s[K[?25h[?2026l[?2026h[?25l[A[1Gpulling manifest [K
pulling 065b9a7416ba:  39% ▕███████           ▏ 7.4 GB/ 18 GB  824 MB/s     13s[K[?25h[?2026l[?2026h[?25l[A[1Gpulling manifest [K
pulling 065b9a7416ba:  40% ▕███████           ▏ 7.5 GB/ 18 GB  824 MB/s     13s[K[?25h[?2026l[?2026h[?25l[A[1Gpulling manifest [K
pulling 065b9a7416ba:  41% ▕███████           ▏ 7.7 GB/ 18 GB  824 MB/s     13s[K[?25h[?2026l[?2026h[?25l[A[1Gpulling manifest [K
pulling 065b9a7416ba:  41% ▕███████           ▏ 7.7 GB/ 18 GB  824 MB/s     13s[K[?25h[?2026l[?2026h[?25l[A[1Gpulling manifest [K
pulling 065b9a7416ba:  42% ▕███████           ▏ 7.8 GB/ 18 GB  824 MB/s     13s[K[?25h[?2026l[?2026h[?25l[A[1Gpulling manifest [K
pulling 065b9a7416ba:  42% ▕███████           ▏ 8.0 GB/ 18 GB  824 MB/s     13s[K[?25h[?2026l[?2026h[?25l[A[1Gpulling manifest [K
pulling 065b9a7416ba:  43% ▕███████           ▏ 8.0 GB/ 18 GB  824 MB/s     13s[K[?25h[?2026l[?2026h[?25l[A[1Gpulling manifest [K
pulling 065b9a7416ba:  43% ▕███████           ▏ 8.1 GB/ 18 GB  824 MB/s     12s[K[?25h[?2026l[?2026h[?25l[A[1Gpulling manifest [K
pulling 065b9a7416ba:  44% ▕███████           ▏ 8.2 GB/ 18 GB  824 MB/s     12s[K[?25h[?2026l[?2026h[?25l[A[1Gpulling manifest [K
pulling 065b9a7416ba:  44% ▕███████           ▏ 8.3 GB/ 18 GB  824 MB/s     12s[K[?25h[?2026l[?2026h[?25l[A[1Gpulling manifest [K
pulling 065b9a7416ba:  45% ▕████████          ▏ 8.4 GB/ 18 GB  858 MB/s     12s[K[?25h[?2026l[?2026h[?25l[A[1Gpulling manifest [K
pulling 065b9a7416ba:  45% ▕████████          ▏ 8.5 GB/ 18 GB  858 MB/s     12s[K[?25h[?2026l[?2026h[?25l[A[1Gpulling manifest [K
pulling 065b9a7416ba:  45% ▕████████          ▏ 8.5 GB/ 18 GB  858 MB/s     11s[K[?25h[?2026l[?2026h[?25l[A[1Gpulling manifest [K
pulling 065b9a7416ba:  46% ▕████████          ▏ 8.6 GB/ 18 GB  858 MB/s     11s[K[?25h[?2026l[?2026h[?25l[A[1Gpulling manifest [K
pulling 065b9a7416ba:  46% ▕████████          ▏ 8.7 GB/ 18 GB  858 MB/s     11s[K[?25h[?2026l[?2026h[?25l[A[1Gpulling manifest [K
pulling 065b9a7416ba:  47% ▕████████          ▏ 8.8 GB/ 18 GB  858 MB/s     11s[K[?25h[?2026l[?2026h[?25l[A[1Gpulling manifest [K
pulling 065b9a7416ba:  47% ▕████████          ▏ 8.9 GB/ 18 GB  858 MB/s     11s[K[?25h[?2026l[?2026h[?25l[A[1Gpulling manifest [K
pulling 065b9a7416ba:  48% ▕████████          ▏ 9.0 GB/ 18 GB  858 MB/s     11s[K[?25h[?2026l[?2026h[?25l[A[1Gpulling manifest [K
pulling 065b9a7416ba:  48% ▕████████          ▏ 9.0 GB/ 18 GB  858 MB/s     11s[K[?25h[?2026l[?2026h[?25l[A[1Gpulling manifest [K
pulling 065b9a7416ba:  48% ▕████████          ▏ 9.1 GB/ 18 GB  858 MB/s     11s[K[?25h[?2026l[?2026h[?25l[A[1Gpulling manifest [K
pulling 065b9a7416ba:  49% ▕████████          ▏ 9.2 GB/ 18 GB  863 MB/s     11s[K[?25h[?2026l[?2026h[?25l[A[1Gpulling manifest [K
pulling 065b9a7416ba:  49% ▕████████          ▏ 9.3 GB/ 18 GB  863 MB/s     11s[K[?25h[?2026l[?2026h[?25l[A[1Gpulling manifest [K
pulling 065b9a7416ba:  50% ▕████████          ▏ 9.4 GB/ 18 GB  863 MB/s     10s[K[?25h[?2026l[?2026h[?25l[A[1Gpulling manifest [K
pulling 065b9a7416ba:  50% ▕█████████         ▏ 9.5 GB/ 18 GB  863 MB/s     10s[K[?25h[?2026l[?2026h[?25l[A[1Gpulling manifest [K
pulling 065b9a7416ba:  51% ▕█████████         ▏ 9.6 GB/ 18 GB  863 MB/s     10s[K[?25h[?2026l[?2026h[?25l[A[1Gpulling manifest [K
pulling 065b9a7416ba:  51% ▕█████████         ▏ 9.7 GB/ 18 GB  863 MB/s     10s[K[?25h[?2026l[?2026h[?25l[A[1Gpulling manifest [K
pulling 065b9a7416ba:  52% ▕█████████         ▏ 9.8 GB/ 18 GB  863 MB/s     10s[K[?25h[?2026l[?2026h[?25l[A[1Gpulling manifest [K
pulling 065b9a7416ba:  52% ▕█████████         ▏ 9.9 GB/ 18 GB  863 MB/s     10s[K[?25h[?2026l[?2026h[?25l[A[1Gpulling manifest [K
pulling 065b9a7416ba:  53% ▕█████████        ▏ 10.0 GB/ 18 GB  863 MB/s     10s[K[?25h[?2026l[?2026h[?25l[A[1Gpulling manifest [K
pulling 065b9a7416ba:  54% ▕█████████         ▏  10 GB/ 18 GB  863 MB/s     10s[K[?25h[?2026l[?2026h[?25l[A[1Gpulling manifest [K
pulling 065b9a7416ba:  54% ▕█████████         ▏  10 GB/ 18 GB  863 MB/s     10s[K[?25h[?2026l[?2026h[?25l[A[1Gpulling manifest [K
pulling 065b9a7416ba:  54% ▕█████████         ▏  10 GB/ 18 GB  889 MB/s      9s[K[?25h[?2026l[?2026h[?25l[A[1Gpulling manifest [K
pulling 065b9a7416ba:  55% ▕█████████         ▏  10 GB/ 18 GB  889 MB/s      9s[K[?25h[?2026l[?2026h[?25l[A[1Gpulling manifest [K
pulling 065b9a7416ba:  55% ▕█████████         ▏  10 GB/ 18 GB  889 MB/s      9s[K[?25h[?2026l[?2026h[?25l[A[1Gpulling manifest [K
pulling 065b9a7416ba:  56% ▕██████████        ▏  10 GB/ 18 GB  889 MB/s      9s[K[?25h[?2026l[?2026h[?25l[A[1Gpulling manifest [K
pulling 065b9a7416ba:  56% ▕██████████        ▏  10 GB/ 18 GB  889 MB/s      9s[K[?25h[?2026l[?2026h[?25l[A[1Gpulling manifest [K
pulling 065b9a7416ba:  57% ▕██████████        ▏  10 GB/ 18 GB  889 MB/s      9s[K[?25h[?2026l[?2026h[?25l[A[1Gpulling manifest [K
pulling 065b9a7416ba:  57% ▕██████████        ▏  10 GB/ 18 GB  889 MB/s      9s[K[?25h[?2026l[?2026h[?25l[A[1Gpulling manifest [K
pulling 065b9a7416ba:  58% ▕██████████        ▏  10 GB/ 18 GB  889 MB/s      8s[K[?25h[?2026l[?2026h[?25l[A[1Gpulling manifest [K
pulling 065b9a7416ba:  58% ▕██████████        ▏  10 GB/ 18 GB  889 MB/s      8s[K[?25h[?2026l[?2026h[?25l[A[1Gpulling manifest [K
pulling 065b9a7416ba:  58% ▕██████████        ▏  10 GB/ 18 GB  889 MB/s      8s[K[?25h[?2026l[?2026h[?25l[A[1Gpulling manifest [K
pulling 065b9a7416ba:  59% ▕██████████        ▏  11 GB/ 18 GB  890 MB/s      8s[K[?25h[?2026l[?2026h[?25l[A[1Gpulling manifest [K
pulling 065b9a7416ba:  59% ▕██████████        ▏  11 GB/ 18 GB  890 MB/s      8s[K[?25h[?2026l[?2026h[?25l[A[1Gpulling manifest [K
pulling 065b9a7416ba:  60% ▕██████████        ▏  11 GB/ 18 GB  890 MB/s      8s[K[?25h[?2026l[?2026h[?25l[A[1Gpulling manifest [K
pulling 065b9a7416ba:  60% ▕██████████        ▏  11 GB/ 18 GB  890 MB/s      8s[K[?25h[?2026l[?2026h[?25l[A[1Gpulling manifest [K
pulling 065b9a7416ba:  61% ▕██████████        ▏  11 GB/ 18 GB  890 MB/s      8s[K[?25h[?2026l[?2026h[?25l[A[1Gpulling manifest [K
pulling 065b9a7416ba:  61% ▕███████████       ▏  11 GB/ 18 GB  890 MB/s      8s[K[?25h[?2026l[?2026h[?25l[A[1Gpulling manifest [K
pulling 065b9a7416ba:  62% ▕███████████       ▏  11 GB/ 18 GB  890 MB/s      8s[K[?25h[?2026l[?2026h[?25l[A[1Gpulling manifest [K
pulling 065b9a7416ba:  62% ▕███████████       ▏  11 GB/ 18 GB  890 MB/s      7s[K[?25h[?2026l[?2026h[?25l[A[1Gpulling manifest [K
pulling 065b9a7416ba:  63% ▕███████████       ▏  11 GB/ 18 GB  890 MB/s      7s[K[?25h[?2026l[?2026h[?25l[A[1Gpulling manifest [K
pulling 065b9a7416ba:  63% ▕███████████       ▏  11 GB/ 18 GB  890 MB/s      7s[K[?25h[?2026l[?2026h[?25l[A[1Gpulling manifest [K
pulling 065b9a7416ba:  64% ▕███████████       ▏  11 GB/ 18 GB  889 MB/s      7s[K[?25h[?2026l[?2026h[?25l[A[1Gpulling manifest [K
pulling 065b9a7416ba:  64% ▕███████████       ▏  12 GB/ 18 GB  889 MB/s      7s[K[?25h[?2026l[?2026h[?25l[A[1Gpulling manifest [K
pulling 065b9a7416ba:  65% ▕███████████       ▏  12 GB/ 18 GB  889 MB/s      7s[K[?25h[?2026l[?2026h[?25l[A[1Gpulling manifest [K
pulling 065b9a7416ba:  65% ▕███████████       ▏  12 GB/ 18 GB  889 MB/s      7s[K[?25h[?2026l[?2026h[?25l[A[1Gpulling manifest [K
pulling 065b9a7416ba:  66% ▕███████████       ▏  12 GB/ 18 GB  889 MB/s      7s[K[?25h[?2026l[?2026h[?25l[A[1Gpulling manifest [K
pulling 065b9a7416ba:  66% ▕███████████       ▏  12 GB/ 18 GB  889 MB/s      7s[K[?25h[?2026l[?2026h[?25l[A[1Gpulling manifest [K
pulling 065b9a7416ba:  67% ▕███████████       ▏  12 GB/ 18 GB  889 MB/s      7s[K[?25h[?2026l[?2026h[?25l[A[1Gpulling manifest [K
pulling 065b9a7416ba:  67% ▕████████████      ▏  12 GB/ 18 GB  889 MB/s      6s[K[?25h[?2026l[?2026h[?25l[A[1Gpulling manifest [K
pulling 065b9a7416ba:  68% ▕████████████      ▏  12 GB/ 18 GB  889 MB/s      6s[K[?25h[?2026l[?2026h[?25l[A[1Gpulling manifest [K
pulling 065b9a7416ba:  68% ▕████████████      ▏  12 GB/ 18 GB  889 MB/s      6s[K[?25h[?2026l[?2026h[?25l[A[1Gpulling manifest [K
pulling 065b9a7416ba:  68% ▕████████████      ▏  12 GB/ 18 GB  890 MB/s      6s[K[?25h[?2026l[?2026h[?25l[A[1Gpulling manifest [K
pulling 065b9a7416ba:  69% ▕████████████      ▏  12 GB/ 18 GB  890 MB/s      6s[K[?25h[?2026l[?2026h[?25l[A[1Gpulling manifest [K
pulling 065b9a7416ba:  69% ▕████████████      ▏  13 GB/ 18 GB  890 MB/s      6s[K[?25h[?2026l[?2026h[?25l[A[1Gpulling manifest [K
pulling 065b9a7416ba:  70% ▕████████████      ▏  13 GB/ 18 GB  890 MB/s      6s[K[?25h[?2026l[?2026h[?25l[A[1Gpulling manifest [K
pulling 065b9a7416ba:  70% ▕████████████      ▏  13 GB/ 18 GB  890 MB/s      6s[K[?25h[?2026l[?2026h[?25l[A[1Gpulling manifest [K
pulling 065b9a7416ba:  70% ▕████████████      ▏  13 GB/ 18 GB  890 MB/s      6s[K[?25h[?2026l[?2026h[?25l[A[1Gpulling manifest [K
pulling 065b9a7416ba:  71% ▕████████████      ▏  13 GB/ 18 GB  890 MB/s      6s[K[?25h[?2026l[?2026h[?25l[A[1Gpulling manifest [K
pulling 065b9a7416ba:  71% ▕████████████      ▏  13 GB/ 18 GB  890 MB/s      6s[K[?25h[?2026l[?2026h[?25l[A[1Gpulling manifest [K
pulling 065b9a7416ba:  72% ▕████████████      ▏  13 GB/ 18 GB  890 MB/s      5s[K[?25h[?2026l[?2026h[?25l[A[1Gpulling manifest [K
pulling 065b9a7416ba:  72% ▕█████████████     ▏  13 GB/ 18 GB  890 MB/s      5s[K[?25h[?2026l[?2026h[?25l[A[1Gpulling manifest [K
pulling 065b9a7416ba:  73% ▕█████████████     ▏  13 GB/ 18 GB  882 MB/s      5s[K[?25h[?2026l[?2026h[?25l[A[1Gpulling manifest [K
pulling 065b9a7416ba:  73% ▕█████████████     ▏  13 GB/ 18 GB  882 MB/s      5s[K[?25h[?2026l[?2026h[?25l[A[1Gpulling manifest [K
pulling 065b9a7416ba:  74% ▕█████████████     ▏  13 GB/ 18 GB  882 MB/s      5s[K[?25h[?2026l[?2026h[?25l[A[1Gpulling manifest [K
pulling 065b9a7416ba:  74% ▕█████████████     ▏  13 GB/ 18 GB  882 MB/s      5s[K[?25h[?2026l[?2026h[?25l[A[1Gpulling manifest [K
pulling 065b9a7416ba:  74% ▕█████████████     ▏  13 GB/ 18 GB  882 MB/s      5s[K[?25h[?2026l[?2026h[?25l[A[1Gpulling manifest [K
pulling 065b9a7416ba:  75% ▕█████████████     ▏  14 GB/ 18 GB  882 MB/s      5s[K[?25h[?2026l[?2026h[?25l[A[1Gpulling manifest [K
pulling 065b9a7416ba:  75% ▕█████████████     ▏  14 GB/ 18 GB  882 MB/s      5s[K[?25h[?2026l[?2026h[?25l[A[1Gpulling manifest [K
pulling 065b9a7416ba:  75% ▕█████████████     ▏  14 GB/ 18 GB  882 MB/s      5s[K[?25h[?2026l[?2026h[?25l[A[1Gpulling manifest [K
pulling 065b9a7416ba:  76% ▕█████████████     ▏  14 GB/ 18 GB  882 MB/s      5s[K[?25h[?2026l[?2026h[?25l[A[1Gpulling manifest [K
pulling 065b9a7416ba:  76% ▕█████████████     ▏  14 GB/ 18 GB  882 MB/s      5s[K[?25h[?2026l[?2026h[?25l[A[1Gpulling manifest [K
pulling 065b9a7416ba:  77% ▕█████████████     ▏  14 GB/ 18 GB  882 MB/s      4s[K[?25h[?2026l[?2026h[?25l[A[1Gpulling manifest [K
pulling 065b9a7416ba:  77% ▕█████████████     ▏  14 GB/ 18 GB  880 MB/s      4s[K[?25h[?2026l[?2026h[?25l[A[1Gpulling manifest [K
pulling 065b9a7416ba:  77% ▕█████████████     ▏  14 GB/ 18 GB  880 MB/s      4s[K[?25h[?2026l[?2026h[?25l[A[1Gpulling manifest [K
pulling 065b9a7416ba:  78% ▕█████████████     ▏  14 GB/ 18 GB  880 MB/s      4s[K[?25h[?2026l[?2026h[?25l[A[1Gpulling manifest [K
pulling 065b9a7416ba:  78% ▕██████████████    ▏  14 GB/ 18 GB  880 MB/s      4s[K[?25h[?2026l[?2026h[?25l[A[1Gpulling manifest [K
pulling 065b9a7416ba:  79% ▕██████████████    ▏  14 GB/ 18 GB  880 MB/s      4s[K[?25h[?2026l[?2026h[?25l[A[1Gpulling manifest [K
pulling 065b9a7416ba:  79% ▕██████████████    ▏  14 GB/ 18 GB  880 MB/s      4s[K[?25h[?2026l[?2026h[?25l[A[1Gpulling manifest [K
pulling 065b9a7416ba:  79% ▕██████████████    ▏  14 GB/ 18 GB  880 MB/s      4s[K[?25h[?2026l[?2026h[?25l[A[1Gpulling manifest [K
pulling 065b9a7416ba:  80% ▕██████████████    ▏  14 GB/ 18 GB  880 MB/s      4s[K[?25h[?2026l[?2026h[?25l[A[1Gpulling manifest [K
pulling 065b9a7416ba:  80% ▕██████████████    ▏  15 GB/ 18 GB  880 MB/s      4s[K[?25h[?2026l[?2026h[?25l[A[1Gpulling manifest [K
pulling 065b9a7416ba:  80% ▕██████████████    ▏  15 GB/ 18 GB  880 MB/s      4s[K[?25h[?2026l[?2026h[?25l[A[1Gpulling manifest [K
pulling 065b9a7416ba:  81% ▕██████████████    ▏  15 GB/ 18 GB  854 MB/s      4s[K[?25h[?2026l[?2026h[?25l[A[1Gpulling manifest [K
pulling 065b9a7416ba:  81% ▕██████████████    ▏  15 GB/ 18 GB  854 MB/s      4s[K[?25h[?2026l[?2026h[?25l[A[1Gpulling manifest [K
pulling 065b9a7416ba:  81% ▕██████████████    ▏  15 GB/ 18 GB  854 MB/s      4s[K[?25h[?2026l[?2026h[?25l[A[1Gpulling manifest [K
pulling 065b9a7416ba:  82% ▕██████████████    ▏  15 GB/ 18 GB  854 MB/s      4s[K[?25h[?2026l[?2026h[?25l[A[1Gpulling manifest [K
pulling 065b9a7416ba:  82% ▕██████████████    ▏  15 GB/ 18 GB  854 MB/s      4s[K[?25h[?2026l[?2026h[?25l[A[1Gpulling manifest [K
pulling 065b9a7416ba:  82% ▕██████████████    ▏  15 GB/ 18 GB  854 MB/s      3s[K[?25h[?2026l[?2026h[?25l[A[1Gpulling manifest [K
pulling 065b9a7416ba:  83% ▕██████████████    ▏  15 GB/ 18 GB  854 MB/s      3s[K[?25h[?2026l[?2026h[?25l[A[1Gpulling manifest [K
pulling 065b9a7416ba:  83% ▕██████████████    ▏  15 GB/ 18 GB  854 MB/s      3s[K[?25h[?2026l[?2026h[?25l[A[1Gpulling manifest [K
pulling 065b9a7416ba:  83% ▕██████████████    ▏  15 GB/ 18 GB  854 MB/s      3s[K[?25h[?2026l[?2026h[?25l[A[1Gpulling manifest [K
pulling 065b9a7416ba:  84% ▕███████████████   ▏  15 GB/ 18 GB  854 MB/s      3s[K[?25h[?2026l[?2026h[?25l[A[1Gpulling manifest [K
pulling 065b9a7416ba:  84% ▕███████████████   ▏  15 GB/ 18 GB  823 MB/s      3s[K[?25h[?2026l[?2026h[?25l[A[1Gpulling manifest [K
pulling 065b9a7416ba:  84% ▕███████████████   ▏  15 GB/ 18 GB  823 MB/s      3s[K[?25h[?2026l[?2026h[?25l[A[1Gpulling manifest [K
pulling 065b9a7416ba:  85% ▕███████████████   ▏  15 GB/ 18 GB  823 MB/s      3s[K[?25h[?2026l[?2026h[?25l[A[1Gpulling manifest [K
pulling 065b9a7416ba:  85% ▕███████████████   ▏  15 GB/ 18 GB  823 MB/s      3s[K[?25h[?2026l[?2026h[?25l[A[1Gpulling manifest [K
pulling 065b9a7416ba:  85% ▕███████████████   ▏  16 GB/ 18 GB  823 MB/s      3s[K[?25h[?2026l[?2026h[?25l[A[1Gpulling manifest [K
pulling 065b9a7416ba:  86% ▕███████████████   ▏  16 GB/ 18 GB  823 MB/s      3s[K[?25h[?2026l[?2026h[?25l[A[1Gpulling manifest [K
pulling 065b9a7416ba:  86% ▕███████████████   ▏  16 GB/ 18 GB  823 MB/s      3s[K[?25h[?2026l[?2026h[?25l[A[1Gpulling manifest [K
pulling 065b9a7416ba:  86% ▕███████████████   ▏  16 GB/ 18 GB  823 MB/s      3s[K[?25h[?2026l[?2026h[?25l[A[1Gpulling manifest [K
pulling 065b9a7416ba:  87% ▕███████████████   ▏  16 GB/ 18 GB  823 MB/s      3s[K[?25h[?2026l[?2026h[?25l[A[1Gpulling manifest [K
pulling 065b9a7416ba:  87% ▕███████████████   ▏  16 GB/ 18 GB  823 MB/s      3s[K[?25h[?2026l[?2026h[?25l[A[1Gpulling manifest [K
pulling 065b9a7416ba:  87% ▕███████████████   ▏  16 GB/ 18 GB  796 MB/s      3s[K[?25h[?2026l[?2026h[?25l[A[1Gpulling manifest [K
pulling 065b9a7416ba:  87% ▕███████████████   ▏  16 GB/ 18 GB  796 MB/s      2s[K[?25h[?2026l[?2026h[?25l[A[1Gpulling manifest [K
pulling 065b9a7416ba:  88% ▕███████████████   ▏  16 GB/ 18 GB  796 MB/s      2s[K[?25h[?2026l[?2026h[?25l[A[1Gpulling manifest [K
pulling 065b9a7416ba:  88% ▕███████████████   ▏  16 GB/ 18 GB  796 MB/s      2s[K[?25h[?2026l[?2026h[?25l[A[1Gpulling manifest [K
pulling 065b9a7416ba:  88% ▕███████████████   ▏  16 GB/ 18 GB  796 MB/s      2s[K[?25h[?2026l[?2026h[?25l[A[1Gpulling manifest [K
pulling 065b9a7416ba:  88% ▕███████████████   ▏  16 GB/ 18 GB  796 MB/s      2s[K[?25h[?2026l[?2026h[?25l[A[1Gpulling manifest [K
pulling 065b9a7416ba:  89% ▕███████████████   ▏  16 GB/ 18 GB  796 MB/s      2s[K[?25h[?2026l[?2026h[?25l[A[1Gpulling manifest [K
pulling 065b9a7416ba:  89% ▕████████████████  ▏  16 GB/ 18 GB  796 MB/s      2s[K[?25h[?2026l[?2026h[?25l[A[1Gpulling manifest [K
pulling 065b9a7416ba:  89% ▕████████████████  ▏  16 GB/ 18 GB  796 MB/s      2s[K[?25h[?2026l[?2026h[?25l[A[1Gpulling manifest [K
pulling 065b9a7416ba:  89% ▕████████████████  ▏  16 GB/ 18 GB  796 MB/s      2s[K[?25h[?2026l[?2026h[?25l[A[1Gpulling manifest [K
pulling 065b9a7416ba:  90% ▕████████████████  ▏  16 GB/ 18 GB  744 MB/s      2s[K[?25h[?2026l[?2026h[?25l[A[1Gpulling manifest [K
pulling 065b9a7416ba:  90% ▕████████████████  ▏  16 GB/ 18 GB  744 MB/s      2s[K[?25h[?2026l[?2026h[?25l[A[1Gpulling manifest [K
pulling 065b9a7416ba:  90% ▕████████████████  ▏  16 GB/ 18 GB  744 MB/s      2s[K[?25h[?2026l[?2026h[?25l[A[1Gpulling manifest [K
pulling 065b9a7416ba:  91% ▕████████████████  ▏  17 GB/ 18 GB  744 MB/s      2s[K[?25h[?2026l[?2026h[?25l[A[1Gpulling manifest [K
pulling 065b9a7416ba:  91% ▕████████████████  ▏  17 GB/ 18 GB  744 MB/s      2s[K[?25h[?2026l[?2026h[?25l[A[1Gpulling manifest [K
pulling 065b9a7416ba:  91% ▕████████████████  ▏  17 GB/ 18 GB  744 MB/s      2s[K[?25h[?2026l[?2026h[?25l[A[1Gpulling manifest [K
pulling 065b9a7416ba:  91% ▕████████████████  ▏  17 GB/ 18 GB  744 MB/s      2s[K[?25h[?2026l[?2026h[?25l[A[1Gpulling manifest [K
pulling 065b9a7416ba:  91% ▕████████████████  ▏  17 GB/ 18 GB  744 MB/s      2s[K[?25h[?2026l[?2026h[?25l[A[1Gpulling manifest [K
pulling 065b9a7416ba:  92% ▕████████████████  ▏  17 GB/ 18 GB  744 MB/s      2s[K[?25h[?2026l[?2026h[?25l[A[1Gpulling manifest [K
pulling 065b9a7416ba:  92% ▕████████████████  ▏  17 GB/ 18 GB  744 MB/s      2s[K[?25h[?2026l[?2026h[?25l[A[1Gpulling manifest [K
pulling 065b9a7416ba:  92% ▕████████████████  ▏  17 GB/ 18 GB  744 MB/s      2s[K[?25h[?2026l[?2026h[?25l[A[1Gpulling manifest [K
pulling 065b9a7416ba:  92% ▕████████████████  ▏  17 GB/ 18 GB  696 MB/s      2s[K[?25h[?2026l[?2026h[?25l[A[1Gpulling manifest [K
pulling 065b9a7416ba:  92% ▕████████████████  ▏  17 GB/ 18 GB  696 MB/s      2s[K[?25h[?2026l[?2026h[?25l[A[1Gpulling manifest [K
pulling 065b9a7416ba:  92% ▕████████████████  ▏  17 GB/ 18 GB  696 MB/s      2s[K[?25h[?2026l[?2026h[?25l[A[1Gpulling manifest [K
pulling 065b9a7416ba:  92% ▕████████████████  ▏  17 GB/ 18 GB  696 MB/s      2s[K[?25h[?2026l[?2026h[?25l[A[1Gpulling manifest [K
pulling 065b9a7416ba:  93% ▕████████████████  ▏  17 GB/ 18 GB  696 MB/s      2s[K[?25h[?2026l[?2026h[?25l[A[1Gpulling manifest [K
pulling 065b9a7416ba:  93% ▕████████████████  ▏  17 GB/ 18 GB  696 MB/s      2s[K[?25h[?2026l[?2026h[?25l[A[1Gpulling manifest [K
pulling 065b9a7416ba:  93% ▕████████████████  ▏  17 GB/ 18 GB  696 MB/s      1s[K[?25h[?2026l[?2026h[?25l[A[1Gpulling manifest [K
pulling 065b9a7416ba:  93% ▕████████████████  ▏  17 GB/ 18 GB  696 MB/s      1s[K[?25h[?2026l[?2026h[?25l[A[1Gpulling manifest [K
pulling 065b9a7416ba:  93% ▕████████████████  ▏  17 GB/ 18 GB  696 MB/s      1s[K[?25h[?2026l[?2026h[?25l[A[1Gpulling manifest [K
pulling 065b9a7416ba:  93% ▕████████████████  ▏  17 GB/ 18 GB  696 MB/s      1s[K[?25h[?2026l[?2026h[?25l[A[1Gpulling manifest [K
pulling 065b9a7416ba:  93% ▕████████████████  ▏  17 GB/ 18 GB  615 MB/s      2s[K[?25h[?2026l[?2026h[?25l[A[1Gpulling manifest [K
pulling 065b9a7416ba:  93% ▕████████████████  ▏  17 GB/ 18 GB  615 MB/s      2s[K[?25h[?2026l[?2026h[?25l[A[1Gpulling manifest [K
pulling 065b9a7416ba:  93% ▕████████████████  ▏  17 GB/ 18 GB  615 MB/s      2s[K[?25h[?2026l[?2026h[?25l[A[1Gpulling manifest [K
pulling 065b9a7416ba:  93% ▕████████████████  ▏  17 GB/ 18 GB  615 MB/s      2s[K[?25h[?2026l[?2026h[?25l[A[1Gpulling manifest [K
pulling 065b9a7416ba:  94% ▕████████████████  ▏  17 GB/ 18 GB  615 MB/s      1s[K[?25h[?2026l[?2026h[?25l[A[1Gpulling manifest [K
pulling 065b9a7416ba:  94% ▕████████████████  ▏  17 GB/ 18 GB  615 MB/s      1s[K[?25h[?2026l[?2026h[?25l[A[1Gpulling manifest [K
pulling 065b9a7416ba:  94% ▕████████████████  ▏  17 GB/ 18 GB  615 MB/s      1s[K[?25h[?2026l[?2026h[?25l[A[1Gpulling manifest [K
pulling 065b9a7416ba:  94% ▕████████████████  ▏  17 GB/ 18 GB  615 MB/s      1s[K[?25h[?2026l[?2026h[?25l[A[1Gpulling manifest [K
pulling 065b9a7416ba:  94% ▕████████████████  ▏  17 GB/ 18 GB  615 MB/s      1s[K[?25h[?2026l[?2026h[?25l[A[1Gpulling manifest [K
pulling 065b9a7416ba:  94% ▕████████████████  ▏  17 GB/ 18 GB  615 MB/s      1s[K[?25h[?2026l[?2026h[?25l[A[1Gpulling manifest [K
pulling 065b9a7416ba:  94% ▕████████████████  ▏  17 GB/ 18 GB  538 MB/s      2s[K[?25h[?2026l[?2026h[?25l[A[1Gpulling manifest [K
pulling 065b9a7416ba:  94% ▕████████████████  ▏  17 GB/ 18 GB  538 MB/s      2s[K[?25h[?2026l[?2026h[?25l[A[1Gpulling manifest [K
pulling 065b9a7416ba:  94% ▕████████████████  ▏  17 GB/ 18 GB  538 MB/s      1s[K[?25h[?2026l[?2026h[?25l[A[1Gpulling manifest [K
pulling 065b9a7416ba:  94% ▕█████████████████ ▏  17 GB/ 18 GB  538 MB/s      1s[K[?25h[?2026l[?2026h[?25l[A[1Gpulling manifest [K
pulling 065b9a7416ba:  95% ▕█████████████████ ▏  17 GB/ 18 GB  538 MB/s      1s[K[?25h[?2026l[?2026h[?25l[A[1Gpulling manifest [K
pulling 065b9a7416ba:  95% ▕█████████████████ ▏  17 GB/ 18 GB  538 MB/s      1s[K[?25h[?2026l[?2026h[?25l[A[1Gpulling manifest [K
pulling 065b9a7416ba:  95% ▕█████████████████ ▏  17 GB/ 18 GB  538 MB/s      1s[K[?25h[?2026l[?2026h[?25l[A[1Gpulling manifest [K
pulling 065b9a7416ba:  95% ▕█████████████████ ▏  17 GB/ 18 GB  538 MB/s      1s[K[?25h[?2026l[?2026h[?25l[A[1Gpulling manifest [K
pulling 065b9a7416ba:  95% ▕█████████████████ ▏  17 GB/ 18 GB  538 MB/s      1s[K[?25h[?2026l[?2026h[?25l[A[1Gpulling manifest [K
pulling 065b9a7416ba:  95% ▕█████████████████ ▏  17 GB/ 18 GB  538 MB/s      1s[K[?25h[?2026l[?2026h[?25l[A[1Gpulling manifest [K
pulling 065b9a7416ba:  95% ▕█████████████████ ▏  17 GB/ 18 GB  469 MB/s      1s[K[?25h[?2026l[?2026h[?25l[A[1Gpulling manifest [K
pulling 065b9a7416ba:  95% ▕█████████████████ ▏  17 GB/ 18 GB  469 MB/s      1s[K[?25h[?2026l[?2026h[?25l[A[1Gpulling manifest [K
pulling 065b9a7416ba:  95% ▕█████████████████ ▏  17 GB/ 18 GB  469 MB/s      1s[K[?25h[?2026l[?2026h[?25l[A[1Gpulling manifest [K
pulling 065b9a7416ba:  96% ▕█████████████████ ▏  17 GB/ 18 GB  469 MB/s      1s[K[?25h[?2026l[?2026h[?25l[A[1Gpulling manifest [K
pulling 065b9a7416ba:  96% ▕█████████████████ ▏  18 GB/ 18 GB  469 MB/s      1s[K[?25h[?2026l[?2026h[?25l[A[1Gpulling manifest [K
pulling 065b9a7416ba:  96% ▕█████████████████ ▏  18 GB/ 18 GB  469 MB/s      1s[K[?25h[?2026l[?2026h[?25l[A[1Gpulling manifest [K
pulling 065b9a7416ba:  96% ▕█████████████████ ▏  18 GB/ 18 GB  469 MB/s      1s[K[?25h[?2026l[?2026h[?25l[A[1Gpulling manifest [K
pulling 065b9a7416ba:  96% ▕█████████████████ ▏  18 GB/ 18 GB  469 MB/s      1s[K[?25h[?2026l[?2026h[?25l[A[1Gpulling manifest [K
pulling 065b9a7416ba:  96% ▕█████████████████ ▏  18 GB/ 18 GB  469 MB/s      1s[K[?25h[?2026l[?2026h[?25l[A[1Gpulling manifest [K
pulling 065b9a7416ba:  96% ▕█████████████████ ▏  18 GB/ 18 GB  469 MB/s      1s[K[?25h[?2026l[?2026h[?25l[A[1Gpulling manifest [K
pulling 065b9a7416ba:  96% ▕█████████████████ ▏  18 GB/ 18 GB  406 MB/s      1s[K[?25h[?2026l[?2026h[?25l[A[1Gpulling manifest [K
pulling 065b9a7416ba:  96% ▕█████████████████ ▏  18 GB/ 18 GB  406 MB/s      1s[K[?25h[?2026l[?2026h[?25l[A[1Gpulling manifest [K
pulling 065b9a7416ba:  96% ▕█████████████████ ▏  18 GB/ 18 GB  406 MB/s      1s[K[?25h[?2026l[?2026h[?25l[A[1Gpulling manifest [K
pulling 065b9a7416ba:  97% ▕█████████████████ ▏  18 GB/ 18 GB  406 MB/s      1s[K[?25h[?2026l[?2026h[?25l[A[1Gpulling manifest [K
pulling 065b9a7416ba:  97% ▕█████████████████ ▏  18 GB/ 18 GB  406 MB/s      1s[K[?25h[?2026l[?2026h[?25l[A[1Gpulling manifest [K
pulling 065b9a7416ba:  97% ▕█████████████████ ▏  18 GB/ 18 GB  406 MB/s      1s[K[?25h[?2026l[?2026h[?25l[A[1Gpulling manifest [K
pulling 065b9a7416ba:  97% ▕█████████████████ ▏  18 GB/ 18 GB  406 MB/s      1s[K[?25h[?2026l[?2026h[?25l[A[1Gpulling manifest [K
pulling 065b9a7416ba:  97% ▕█████████████████ ▏  18 GB/ 18 GB  406 MB/s      1s[K[?25h[?2026l[?2026h[?25l[A[1Gpulling manifest [K
pulling 065b9a7416ba:  97% ▕█████████████████ ▏  18 GB/ 18 GB  406 MB/s      1s[K[?25h[?2026l[?2026h[?25l[A[1Gpulling manifest [K
pulling 065b9a7416ba:  97% ▕█████████████████ ▏  18 GB/ 18 GB  406 MB/s      1s[K[?25h[?2026l[?2026h[?25l[A[1Gpulling manifest [K
pulling 065b9a7416ba:  97% ▕█████████████████ ▏  18 GB/ 18 GB  406 MB/s      1s[K[?25h[?2026l[?2026h[?25l[A[1Gpulling manifest [K
pulling 065b9a7416ba:  97% ▕█████████████████ ▏  18 GB/ 18 GB  354 MB/s      1s[K[?25h[?2026l[?2026h[?25l[A[1Gpulling manifest [K
pulling 065b9a7416ba:  97% ▕█████████████████ ▏  18 GB/ 18 GB  354 MB/s      1s[K[?25h[?2026l[?2026h[?25l[A[1Gpulling manifest [K
pulling 065b9a7416ba:  97% ▕█████████████████ ▏  18 GB/ 18 GB  354 MB/s      1s[K[?25h[?2026l[?2026h[?25l[A[1Gpulling manifest [K
pulling 065b9a7416ba:  98% ▕█████████████████ ▏  18 GB/ 18 GB  354 MB/s      1s[K[?25h[?2026l[?2026h[?25l[A[1Gpulling manifest [K
pulling 065b9a7416ba:  98% ▕█████████████████ ▏  18 GB/ 18 GB  354 MB/s      1s[K[?25h[?2026l[?2026h[?25l[A[1Gpulling manifest [K
pulling 065b9a7416ba:  98% ▕█████████████████ ▏  18 GB/ 18 GB  354 MB/s      1s[K[?25h[?2026l[?2026h[?25l[A[1Gpulling manifest [K
pulling 065b9a7416ba:  98% ▕█████████████████ ▏  18 GB/ 18 GB  354 MB/s      1s[K[?25h[?2026l[?2026h[?25l[A[1Gpulling manifest [K
pulling 065b9a7416ba:  98% ▕█████████████████ ▏  18 GB/ 18 GB  354 MB/s      1s[K[?25h[?2026l[?2026h[?25l[A[1Gpulling manifest [K
pulling 065b9a7416ba:  98% ▕█████████████████ ▏  18 GB/ 18 GB  354 MB/s      1s[K[?25h[?2026l[?2026h[?25l[A[1Gpulling manifest [K
pulling 065b9a7416ba:  98% ▕█████████████████ ▏  18 GB/ 18 GB  354 MB/s      1s[K[?25h[?2026l[?2026h[?25l[A[1Gpulling manifest [K
pulling 065b9a7416ba:  98% ▕█████████████████ ▏  18 GB/ 18 GB  296 MB/s      1s[K[?25h[?2026l[?2026h[?25l[A[1Gpulling manifest [K
pulling 065b9a7416ba:  98% ▕█████████████████ ▏  18 GB/ 18 GB  296 MB/s      1s[K[?25h[?2026l[?2026h[?25l[A[1Gpulling manifest [K
pulling 065b9a7416ba:  98% ▕█████████████████ ▏  18 GB/ 18 GB  296 MB/s      1s[K[?25h[?2026l[?2026h[?25l[A[1Gpulling manifest [K
pulling 065b9a7416ba:  98% ▕█████████████████ ▏  18 GB/ 18 GB  296 MB/s      1s[K[?25h[?2026l[?2026h[?25l[A[1Gpulling manifest [K
pulling 065b9a7416ba:  98% ▕█████████████████ ▏  18 GB/ 18 GB  296 MB/s      1s[K[?25h[?2026l[?2026h[?25l[A[1Gpulling manifest [K
pulling 065b9a7416ba:  99% ▕█████████████████ ▏  18 GB/ 18 GB  296 MB/s      0s[K[?25h[?2026l[?2026h[?25l[A[1Gpulling manifest [K
pulling 065b9a7416ba:  99% ▕█████████████████ ▏  18 GB/ 18 GB  296 MB/s      0s[K[?25h[?2026l[?2026h[?25l[A[1Gpulling manifest [K
pulling 065b9a7416ba:  99% ▕█████████████████ ▏  18 GB/ 18 GB  296 MB/s      0s[K[?25h[?2026l[?2026h[?25l[A[1Gpulling manifest [K
pulling 065b9a7416ba:  99% ▕█████████████████ ▏  18 GB/ 18 GB  296 MB/s      0s[K[?25h[?2026l[?2026h[?25l[A[1Gpulling manifest [K
pulling 065b9a7416ba:  99% ▕█████████████████ ▏  18 GB/ 18 GB  296 MB/s      0s[K[?25h[?2026l[?2026h[?25l[A[1Gpulling manifest [K
pulling 065b9a7416ba:  99% ▕█████████████████ ▏  18 GB/ 18 GB  243 MB/s      0s[K[?25h[?2026l[?2026h[?25l[A[1Gpulling manifest [K
pulling 065b9a7416ba:  99% ▕█████████████████ ▏  18 GB/ 18 GB  243 MB/s      0s[K[?25h[?2026l[?2026h[?25l[A[1Gpulling manifest [K
pulling 065b9a7416ba:  99% ▕█████████████████ ▏  18 GB/ 18 GB  243 MB/s      0s[K[?25h[?2026l[?2026h[?25l[A[1Gpulling manifest [K
pulling 065b9a7416ba:  99% ▕█████████████████ ▏  18 GB/ 18 GB  243 MB/s      0s[K[?25h[?2026l[?2026h[?25l[A[1Gpulling manifest [K
pulling 065b9a7416ba:  99% ▕█████████████████ ▏  18 GB/ 18 GB  243 MB/s      0s[K[?25h[?2026l[?2026h[?25l[A[1Gpulling manifest [K
pulling 065b9a7416ba:  99% ▕█████████████████ ▏  18 GB/ 18 GB  243 MB/s      0s[K[?25h[?2026l[?2026h[?25l[A[1Gpulling manifest [K
pulling 065b9a7416ba:  99% ▕█████████████████ ▏  18 GB/ 18 GB  243 MB/s      0s[K[?25h[?2026l[?2026h[?25l[A[1Gpulling manifest [K
pulling 065b9a7416ba:  99% ▕█████████████████ ▏  18 GB/ 18 GB  243 MB/s      0s[K[?25h[?2026l[?2026h[?25l[A[1Gpulling manifest [K
pulling 065b9a7416ba:  99% ▕█████████████████ ▏  18 GB/ 18 GB  243 MB/s      0s[K[?25h[?2026l[?2026h[?25l[A[1Gpulling manifest [K
pulling 065b9a7416ba:  99% ▕█████████████████ ▏  18 GB/ 18 GB  243 MB/s      0s[K[?25h[?2026l[?2026h[?25l[A[1Gpulling manifest [K
pulling 065b9a7416ba:  99% ▕█████████████████ ▏  18 GB/ 18 GB  198 MB/s      0s[K[?25h[?2026l[?2026h[?25l[A[1Gpulling manifest [K
pulling 065b9a7416ba:  99% ▕█████████████████ ▏  18 GB/ 18 GB  198 MB/s      0s[K[?25h[?2026l[?2026h[?25l[A[1Gpulling manifest [K
pulling 065b9a7416ba:  99% ▕█████████████████ ▏  18 GB/ 18 GB  198 MB/s      0s[K[?25h[?2026l[?2026h[?25l[A[1Gpulling manifest [K
pulling 065b9a7416ba:  99% ▕█████████████████ ▏  18 GB/ 18 GB  198 MB/s      0s[K[?25h[?2026l[?2026h[?25l[A[1Gpulling manifest [K
pulling 065b9a7416ba:  99% ▕█████████████████ ▏  18 GB/ 18 GB  198 MB/s      0s[K[?25h[?2026l[?2026h[?25l[A[1Gpulling manifest [K
pulling 065b9a7416ba:  99% ▕█████████████████ ▏  18 GB/ 18 GB  198 MB/s      0s[K[?25h[?2026l[?2026h[?25l[A[1Gpulling manifest [K
pulling 065b9a7416ba: 100% ▕█████████████████ ▏  18 GB/ 18 GB  198 MB/s      0s[K[?25h[?2026l[?2026h[?25l[A[1Gpulling manifest [K
pulling 065b9a7416ba: 100% ▕█████████████████ ▏  18 GB/ 18 GB  198 MB/s      0s[K[?25h[?2026l[?2026h[?25l[A[1Gpulling manifest [K
pulling 065b9a7416ba: 100% ▕█████████████████ ▏  18 GB/ 18 GB  198 MB/s      0s[K[?25h[?2026l[?2026h[?25l[A[1Gpulling manifest [K
pulling 065b9a7416ba: 100% ▕█████████████████ ▏  18 GB/ 18 GB  198 MB/s      0s[K[?25h[?2026l[?2026h[?25l[A[1Gpulling manifest [K
pulling 065b9a7416ba: 100% ▕█████████████████ ▏  18 GB/ 18 GB  164 MB/s      0s[K[?25h[?2026l[?2026h[?25l[A[1Gpulling manifest [K
pulling 065b9a7416ba: 100% ▕█████████████████ ▏  18 GB/ 18 GB  164 MB/s      0s[K[?25h[?2026l[?2026h[?25l[A[1Gpulling manifest [K
pulling 065b9a7416ba: 100% ▕█████████████████ ▏  18 GB/ 18 GB  164 MB/s      0s[K[?25h[?2026l[?2026h[?25l[A[1Gpulling manifest [K
pulling 065b9a7416ba: 100% ▕█████████████████ ▏  18 GB/ 18 GB  164 MB/s      0s[K[?25h[?2026l[?2026h[?25l[A[1Gpulling manifest [K
pulling 065b9a7416ba: 100% ▕█████████████████ ▏  18 GB/ 18 GB  164 MB/s      0s[K[?25h[?2026l[?2026h[?25l[A[1Gpulling manifest [K
pulling 065b9a7416ba: 100% ▕█████████████████ ▏  18 GB/ 18 GB  164 MB/s      0s[K[?25h[?2026l[?2026h[?25l[A[1Gpulling manifest [K
pulling 065b9a7416ba: 100% ▕██████████████████▏  18 GB                         [K[?25h[?2026l[?2026h[?25l[A[1Gpulling manifest [K
pulling 065b9a7416ba: 100% ▕██████████████████▏  18 GB                         [K[?25h[?2026l[?2026h[?25l[A[1Gpulling manifest [K
pulling 065b9a7416ba: 100% ▕██████████████████▏  18 GB                         [K[?25h[?2026l[?2026h[?25l[A[1Gpulling manifest [K
pulling 065b9a7416ba: 100% ▕██████████████████▏  18 GB                         [K[?25h[?2026l[?2026h[?25l[A[1Gpulling manifest [K
pulling 065b9a7416ba: 100% ▕██████████████████▏  18 GB                         [K[?25h[?2026l[?2026h[?25l[A[1Gpulling manifest [K
pulling 065b9a7416ba: 100% ▕██████████████████▏  18 GB                         [K[?25h[?2026l[?2026h[?25l[A[1Gpulling manifest [K
pulling 065b9a7416ba: 100% ▕██████████████████▏  18 GB                         [K[?25h[?2026l[?2026h[?25l[A[1Gpulling manifest [K
pulling 065b9a7416ba: 100% ▕██████████████████▏  18 GB                         [K[?25h[?2026l[?2026h[?25l[A[1Gpulling manifest [K
pulling 065b9a7416ba: 100% ▕██████████████████▏  18 GB                         [K[?25h[?2026l[?2026h[?25l[A[1Gpulling manifest [K
pulling 065b9a7416ba: 100% ▕██████████████████▏  18 GB                         [K[?25h[?2026l[?2026h[?25l[A[1Gpulling manifest [K
pulling 065b9a7416ba: 100% ▕██████████████████▏  18 GB                         [K[?25h[?2026l[?2026h[?25l[A[1Gpulling manifest [K
pulling 065b9a7416ba: 100% ▕██████████████████▏  18 GB                         [K
pulling a3a0e9449cb6: 100% ▕██████████████████▏  13 KB                         [K[?25h[?2026l[?2026h[?25l[A[A[1Gpulling manifest [K
pulling 065b9a7416ba: 100% ▕██████████████████▏  18 GB                         [K
pulling a3a0e9449cb6: 100% ▕██████████████████▏  13 KB                         [K[?25h[?2026l[?2026h[?25l[A[A[1Gpulling manifest [K
pulling 065b9a7416ba: 100% ▕██████████████████▏  18 GB                         [K
pulling a3a0e9449cb6: 100% ▕██████████████████▏  13 KB                         [K[?25h[?2026l[?2026h[?25l[A[A[1Gpulling manifest [K
pulling 065b9a7416ba: 100% ▕██████████████████▏  18 GB                         [K
pulling a3a0e9449cb6: 100% ▕██████████████████▏  13 KB                         [K[?25h[?2026l[?2026h[?25l[A[A[1Gpulling manifest [K
pulling 065b9a7416ba: 100% ▕██████████████████▏  18 GB                         [K
pulling a3a0e9449cb6: 100% ▕██████████████████▏  13 KB                         [K[?25h[?2026l[?2026h[?25l[A[A[1Gpulling manifest [K
pulling 065b9a7416ba: 100% ▕██████████████████▏  18 GB                         [K
pulling a3a0e9449cb6: 100% ▕██████████████████▏  13 KB                         [K[?25h[?2026l[?2026h[?25l[A[A[1Gpulling manifest [K
pulling 065b9a7416ba: 100% ▕██████████████████▏  18 GB                         [K
pulling a3a0e9449cb6: 100% ▕██████████████████▏  13 KB                         [K[?25h[?2026l[?2026h[?25l[A[A[1Gpulling manifest [K
pulling 065b9a7416ba: 100% ▕██████████████████▏  18 GB                         [K
pulling a3a0e9449cb6: 100% ▕██████████████████▏  13 KB                         [K[?25h[?2026l[?2026h[?25l[A[A[1Gpulling manifest [K
pulling 065b9a7416ba: 100% ▕██████████████████▏  18 GB                         [K
pulling a3a0e9449cb6: 100% ▕██████████████████▏  13 KB                         [K[?25h[?2026l[?2026h[?25l[A[A[1Gpulling manifest [K
pulling 065b9a7416ba: 100% ▕██████████████████▏  18 GB                         [K
pulling a3a0e9449cb6: 100% ▕██████████████████▏  13 KB                         [K[?25h[?2026l[?2026h[?25l[A[A[1Gpulling manifest [K
pulling 065b9a7416ba: 100% ▕██████████████████▏  18 GB                         [K
pulling a3a0e9449cb6: 100% ▕██████████████████▏  13 KB                         [K[?25h[?2026l[?2026h[?25l[A[A[1Gpulling manifest [K
pulling 065b9a7416ba: 100% ▕██████████████████▏  18 GB                         [K
pulling a3a0e9449cb6: 100% ▕██████████████████▏  13 KB                         [K[?25h[?2026l[?2026h[?25l[A[A[1Gpulling manifest [K
pulling 065b9a7416ba: 100% ▕██████████████████▏  18 GB                         [K
pulling a3a0e9449cb6: 100% ▕██████████████████▏  13 KB                         [K[?25h[?2026l[?2026h[?25l[A[A[1Gpulling manifest [K
pulling 065b9a7416ba: 100% ▕██████████████████▏  18 GB                         [K
pulling a3a0e9449cb6: 100% ▕██████████████████▏  13 KB                         [K[?25h[?2026l[?2026h[?25l[A[A[1Gpulling manifest [K
pulling 065b9a7416ba: 100% ▕██████████████████▏  18 GB                         [K
pulling a3a0e9449cb6: 100% ▕██████████████████▏  13 KB                         [K
pulling 8893e08fa9f9: 100% ▕██████████████████▏   59 B                         [K[?25h[?2026l[?2026h[?25l[A[A[A[1Gpulling manifest [K
pulling 065b9a7416ba: 100% ▕██████████████████▏  18 GB                         [K
pulling a3a0e9449cb6: 100% ▕██████████████████▏  13 KB                         [K
pulling 8893e08fa9f9: 100% ▕██████████████████▏   59 B                         [K[?25h[?2026l[?2026h[?25l[A[A[A[1Gpulling manifest [K
pulling 065b9a7416ba: 100% ▕██████████████████▏  18 GB                         [K
pulling a3a0e9449cb6: 100% ▕██████████████████▏  13 KB                         [K
pulling 8893e08fa9f9: 100% ▕██████████████████▏   59 B                         [K[?25h[?2026l[?2026h[?25l[A[A[A[1Gpulling manifest [K
pulling 065b9a7416ba: 100% ▕██████████████████▏  18 GB                         [K
pulling a3a0e9449cb6: 100% ▕██████████████████▏  13 KB                         [K
pulling 8893e08fa9f9: 100% ▕██████████████████▏   59 B                         [K[?25h[?2026l[?2026h[?25l[A[A[A[1Gpulling manifest [K
pulling 065b9a7416ba: 100% ▕██████████████████▏  18 GB                         [K
pulling a3a0e9449cb6: 100% ▕██████████████████▏  13 KB                         [K
pulling 8893e08fa9f9: 100% ▕██████████████████▏   59 B                         [K[?25h[?2026l[?2026h[?25l[A[A[A[1Gpulling manifest [K
pulling 065b9a7416ba: 100% ▕██████████████████▏  18 GB                         [K
pulling a3a0e9449cb6: 100% ▕██████████████████▏  13 KB                         [K
pulling 8893e08fa9f9: 100% ▕██████████████████▏   59 B                         [K[?25h[?2026l[?2026h[?25l[A[A[A[1Gpulling manifest [K
pulling 065b9a7416ba: 100% ▕██████████████████▏  18 GB                         [K
pulling a3a0e9449cb6: 100% ▕██████████████████▏  13 KB                         [K
pulling 8893e08fa9f9: 100% ▕██████████████████▏   59 B                         [K[?25h[?2026l[?2026h[?25l[A[A[A[1Gpulling manifest [K
pulling 065b9a7416ba: 100% ▕██████████████████▏  18 GB                         [K
pulling a3a0e9449cb6: 100% ▕██████████████████▏  13 KB                         [K
pulling 8893e08fa9f9: 100% ▕██████████████████▏   59 B                         [K[?25h[?2026l[?2026h[?25l[A[A[A[1Gpulling manifest [K
pulling 065b9a7416ba: 100% ▕██████████████████▏  18 GB                         [K
pulling a3a0e9449cb6: 100% ▕██████████████████▏  13 KB                         [K
pulling 8893e08fa9f9: 100% ▕██████████████████▏   59 B                         [K[?25h[?2026l[?2026h[?25l[A[A[A[1Gpulling manifest [K
pulling 065b9a7416ba: 100% ▕██████████████████▏  18 GB                         [K
pulling a3a0e9449cb6: 100% ▕██████████████████▏  13 KB                         [K
pulling 8893e08fa9f9: 100% ▕██████████████████▏   59 B                         [K[?25h[?2026l[?2026h[?25l[A[A[A[1Gpulling manifest [K
pulling 065b9a7416ba: 100% ▕██████████████████▏  18 GB                         [K
pulling a3a0e9449cb6: 100% ▕██████████████████▏  13 KB                         [K
pulling 8893e08fa9f9: 100% ▕██████████████████▏   59 B                         [K[?25h[?2026l[?2026h[?25l[A[A[A[1Gpulling manifest [K
pulling 065b9a7416ba: 100% ▕██████████████████▏  18 GB                         [K
pulling a3a0e9449cb6: 100% ▕██████████████████▏  13 KB                         [K
pulling 8893e08fa9f9: 100% ▕██████████████████▏   59 B                         [K[?25h[?2026l[?2026h[?25l[A[A[A[1Gpulling manifest [K
pulling 065b9a7416ba: 100% ▕██████████████████▏  18 GB                         [K
pulling a3a0e9449cb6: 100% ▕██████████████████▏  13 KB                         [K
pulling 8893e08fa9f9: 100% ▕██████████████████▏   59 B                         [K[?25h[?2026l[?2026h[?25l[A[A[A[1Gpulling manifest [K
pulling 065b9a7416ba: 100% ▕██████████████████▏  18 GB                         [K
pulling a3a0e9449cb6: 100% ▕██████████████████▏  13 KB                         [K
pulling 8893e08fa9f9: 100% ▕██████████████████▏   59 B                         [K[?25h[?2026l[?2026h[?25l[A[A[A[1Gpulling manifest [K
pulling 065b9a7416ba: 100% ▕██████████████████▏  18 GB                         [K
pulling a3a0e9449cb6: 100% ▕██████████████████▏  13 KB                         [K
pulling 8893e08fa9f9: 100% ▕██████████████████▏   59 B                         [K
pulling 8972a96b8ff1: 100% ▕██████████████████▏  297 B                         [K[?25h[?2026l[?2026h[?25l[A[A[A[A[1Gpulling manifest [K
pulling 065b9a7416ba: 100% ▕██████████████████▏  18 GB                         [K
pulling a3a0e9449cb6: 100% ▕██████████████████▏  13 KB                         [K
pulling 8893e08fa9f9: 100% ▕██████████████████▏   59 B                         [K
pulling 8972a96b8ff1: 100% ▕██████████████████▏  297 B                         [K[?25h[?2026l[?2026h[?25l[A[A[A[A[1Gpulling manifest [K
pulling 065b9a7416ba: 100% ▕██████████████████▏  18 GB                         [K
pulling a3a0e9449cb6: 100% ▕██████████████████▏  13 KB                         [K
pulling 8893e08fa9f9: 100% ▕██████████████████▏   59 B                         [K
pulling 8972a96b8ff1: 100% ▕██████████████████▏  297 B                         [K[?25h[?2026l[?2026h[?25l[A[A[A[A[1Gpulling manifest [K
pulling 065b9a7416ba: 100% ▕██████████████████▏  18 GB                         [K
pulling a3a0e9449cb6: 100% ▕██████████████████▏  13 KB                         [K
pulling 8893e08fa9f9: 100% ▕██████████████████▏   59 B                         [K
pulling 8972a96b8ff1: 100% ▕██████████████████▏  297 B                         [K[?25h[?2026l[?2026h[?25l[A[A[A[A[1Gpulling manifest [K
pulling 065b9a7416ba: 100% ▕██████████████████▏  18 GB                         [K
pulling a3a0e9449cb6: 100% ▕██████████████████▏  13 KB                         [K
pulling 8893e08fa9f9: 100% ▕██████████████████▏   59 B                         [K
pulling 8972a96b8ff1: 100% ▕██████████████████▏  297 B                         [K[?25h[?2026l[?2026h[?25l[A[A[A[A[1Gpulling manifest [K
pulling 065b9a7416ba: 100% ▕██████████████████▏  18 GB                         [K
pulling a3a0e9449cb6: 100% ▕██████████████████▏  13 KB                         [K
pulling 8893e08fa9f9: 100% ▕██████████████████▏   59 B                         [K
pulling 8972a96b8ff1: 100% ▕██████████████████▏  297 B                         [K[?25h[?2026l[?2026h[?25l[A[A[A[A[1Gpulling manifest [K
pulling 065b9a7416ba: 100% ▕██████████████████▏  18 GB                         [K
pulling a3a0e9449cb6: 100% ▕██████████████████▏  13 KB                         [K
pulling 8893e08fa9f9: 100% ▕██████████████████▏   59 B                         [K
pulling 8972a96b8ff1: 100% ▕██████████████████▏  297 B                         [K[?25h[?2026l[?2026h[?25l[A[A[A[A[1Gpulling manifest [K
pulling 065b9a7416ba: 100% ▕██████████████████▏  18 GB                         [K
pulling a3a0e9449cb6: 100% ▕██████████████████▏  13 KB                         [K
pulling 8893e08fa9f9: 100% ▕██████████████████▏   59 B                         [K
pulling 8972a96b8ff1: 100% ▕██████████████████▏  297 B                         [K[?25h[?2026l[?2026h[?25l[A[A[A[A[1Gpulling manifest [K
pulling 065b9a7416ba: 100% ▕██████████████████▏  18 GB                         [K
pulling a3a0e9449cb6: 100% ▕██████████████████▏  13 KB                         [K
pulling 8893e08fa9f9: 100% ▕██████████████████▏   59 B                         [K
pulling 8972a96b8ff1: 100% ▕██████████████████▏  297 B                         [K[?25h[?2026l[?2026h[?25l[A[A[A[A[1Gpulling manifest [K
pulling 065b9a7416ba: 100% ▕██████████████████▏  18 GB                         [K
pulling a3a0e9449cb6: 100% ▕██████████████████▏  13 KB                         [K
pulling 8893e08fa9f9: 100% ▕██████████████████▏   59 B                         [K
pulling 8972a96b8ff1: 100% ▕██████████████████▏  297 B                         [K[?25h[?2026l[?2026h[?25l[A[A[A[A[1Gpulling manifest [K
pulling 065b9a7416ba: 100% ▕██████████████████▏  18 GB                         [K
pulling a3a0e9449cb6: 100% ▕██████████████████▏  13 KB                         [K
pulling 8893e08fa9f9: 100% ▕██████████████████▏   59 B                         [K
pulling 8972a96b8ff1: 100% ▕██████████████████▏  297 B                         [K[?25h[?2026l[?2026h[?25l[A[A[A[A[1Gpulling manifest [K
pulling 065b9a7416ba: 100% ▕██████████████████▏  18 GB                         [K
pulling a3a0e9449cb6: 100% ▕██████████████████▏  13 KB                         [K
pulling 8893e08fa9f9: 100% ▕██████████████████▏   59 B                         [K
pulling 8972a96b8ff1: 100% ▕██████████████████▏  297 B                         [K[?25h[?2026l[?2026h[?25l[A[A[A[A[1Gpulling manifest [K
pulling 065b9a7416ba: 100% ▕██████████████████▏  18 GB                         [K
pulling a3a0e9449cb6: 100% ▕██████████████████▏  13 KB                         [K
pulling 8893e08fa9f9: 100% ▕██████████████████▏   59 B                         [K
pulling 8972a96b8ff1: 100% ▕██████████████████▏  297 B                         [K[?25h[?2026l[?2026h[?25l[A[A[A[A[1Gpulling manifest [K
pulling 065b9a7416ba: 100% ▕██████████████████▏  18 GB                         [K
pulling a3a0e9449cb6: 100% ▕██████████████████▏  13 KB                         [K
pulling 8893e08fa9f9: 100% ▕██████████████████▏   59 B                         [K
pulling 8972a96b8ff1: 100% ▕██████████████████▏  297 B                         [K
pulling 1fe1cf68a363: 100% ▕██████████████████▏  484 B                         [K[?25h[?2026l[?2026h[?25l[A[A[A[A[A[1Gpulling manifest [K
pulling 065b9a7416ba: 100% ▕██████████████████▏  18 GB                         [K
pulling a3a0e9449cb6: 100% ▕██████████████████▏  13 KB                         [K
pulling 8893e08fa9f9: 100% ▕██████████████████▏   59 B                         [K
pulling 8972a96b8ff1: 100% ▕██████████████████▏  297 B                         [K
pulling 1fe1cf68a363: 100% ▕██████████████████▏  484 B                         [K[?25h[?2026l[?2026h[?25l[A[A[A[A[A[1Gpulling manifest [K
pulling 065b9a7416ba: 100% ▕██████████████████▏  18 GB                         [K
pulling a3a0e9449cb6: 100% ▕██████████████████▏  13 KB                         [K
pulling 8893e08fa9f9: 100% ▕██████████████████▏   59 B                         [K
pulling 8972a96b8ff1: 100% ▕██████████████████▏  297 B                         [K
pulling 1fe1cf68a363: 100% ▕██████████████████▏  484 B                         [K[?25h[?2026l[?2026h[?25l[A[A[A[A[A[1Gpulling manifest [K
pulling 065b9a7416ba: 100% ▕██████████████████▏  18 GB                         [K
pulling a3a0e9449cb6: 100% ▕██████████████████▏  13 KB                         [K
pulling 8893e08fa9f9: 100% ▕██████████████████▏   59 B                         [K
pulling 8972a96b8ff1: 100% ▕██████████████████▏  297 B                         [K
pulling 1fe1cf68a363: 100% ▕██████████████████▏  484 B                         [K[?25h[?2026l[?2026h[?25l[A[A[A[A[A[1Gpulling manifest [K
pulling 065b9a7416ba: 100% ▕██████████████████▏  18 GB                         [K
pulling a3a0e9449cb6: 100% ▕██████████████████▏  13 KB                         [K
pulling 8893e08fa9f9: 100% ▕██████████████████▏   59 B                         [K
pulling 8972a96b8ff1: 100% ▕██████████████████▏  297 B                         [K
pulling 1fe1cf68a363: 100% ▕██████████████████▏  484 B                         [K[?25h[?2026l[?2026h[?25l[A[A[A[A[A[1Gpulling manifest [K
pulling 065b9a7416ba: 100% ▕██████████████████▏  18 GB                         [K
pulling a3a0e9449cb6: 100% ▕██████████████████▏  13 KB                         [K
pulling 8893e08fa9f9: 100% ▕██████████████████▏   59 B                         [K
pulling 8972a96b8ff1: 100% ▕██████████████████▏  297 B                         [K
pulling 1fe1cf68a363: 100% ▕██████████████████▏  484 B                         [K[?25h[?2026l[?2026h[?25l[A[A[A[A[A[1Gpulling manifest [K
pulling 065b9a7416ba: 100% ▕██████████████████▏  18 GB                         [K
pulling a3a0e9449cb6: 100% ▕██████████████████▏  13 KB                         [K
pulling 8893e08fa9f9: 100% ▕██████████████████▏   59 B                         [K
pulling 8972a96b8ff1: 100% ▕██████████████████▏  297 B                         [K
pulling 1fe1cf68a363: 100% ▕██████████████████▏  484 B                         [K[?25h[?2026l[?2026h[?25l[A[A[A[A[A[1Gpulling manifest [K
pulling 065b9a7416ba: 100% ▕██████████████████▏  18 GB                         [K
pulling a3a0e9449cb6: 100% ▕██████████████████▏  13 KB                         [K
pulling 8893e08fa9f9: 100% ▕██████████████████▏   59 B                         [K
pulling 8972a96b8ff1: 100% ▕██████████████████▏  297 B                         [K
pulling 1fe1cf68a363: 100% ▕██████████████████▏  484 B                         [K[?25h[?2026l[?2026h[?25l[A[A[A[A[A[1Gpulling manifest [K
pulling 065b9a7416ba: 100% ▕██████████████████▏  18 GB                         [K
pulling a3a0e9449cb6: 100% ▕██████████████████▏  13 KB                         [K
pulling 8893e08fa9f9: 100% ▕██████████████████▏   59 B                         [K
pulling 8972a96b8ff1: 100% ▕██████████████████▏  297 B                         [K
pulling 1fe1cf68a363: 100% ▕██████████████████▏  484 B                         [K
verifying sha256 digest ⠋ [K[?25h[?2026l[?2026h[?25l[A[A[A[A[A[A[1Gpulling manifest [K
pulling 065b9a7416ba: 100% ▕██████████████████▏  18 GB                         [K
pulling a3a0e9449cb6: 100% ▕██████████████████▏  13 KB                         [K
pulling 8893e08fa9f9: 100% ▕██████████████████▏   59 B                         [K
pulling 8972a96b8ff1: 100% ▕██████████████████▏  297 B                         [K
pulling 1fe1cf68a363: 100% ▕██████████████████▏  484 B                         [K
verifying sha256 digest ⠙ [K[?25h[?2026l[?2026h[?25l[A[A[A[A[A[A[1Gpulling manifest [K
pulling 065b9a7416ba: 100% ▕██████████████████▏  18 GB                         [K
pulling a3a0e9449cb6: 100% ▕██████████████████▏  13 KB                         [K
pulling 8893e08fa9f9: 100% ▕██████████████████▏   59 B                         [K
pulling 8972a96b8ff1: 100% ▕██████████████████▏  297 B                         [K
pulling 1fe1cf68a363: 100% ▕██████████████████▏  484 B                         [K
verifying sha256 digest ⠹ [K[?25h[?2026l[?2026h[?25l[A[A[A[A[A[A[1Gpulling manifest [K
pulling 065b9a7416ba: 100% ▕██████████████████▏  18 GB                         [K
pulling a3a0e9449cb6: 100% ▕██████████████████▏  13 KB                         [K
pulling 8893e08fa9f9: 100% ▕██████████████████▏   59 B                         [K
pulling 8972a96b8ff1: 100% ▕██████████████████▏  297 B                         [K
pulling 1fe1cf68a363: 100% ▕██████████████████▏  484 B                         [K
verifying sha256 digest ⠸ [K[?25h[?2026l[?2026h[?25l[A[A[A[A[A[A[1Gpulling manifest [K
pulling 065b9a7416ba: 100% ▕██████████████████▏  18 GB                         [K
pulling a3a0e9449cb6: 100% ▕██████████████████▏  13 KB                         [K
pulling 8893e08fa9f9: 100% ▕██████████████████▏   59 B                         [K
pulling 8972a96b8ff1: 100% ▕██████████████████▏  297 B                         [K
pulling 1fe1cf68a363: 100% ▕██████████████████▏  484 B                         [K
verifying sha256 digest ⠼ [K[?25h[?2026l[?2026h[?25l[A[A[A[A[A[A[1Gpulling manifest [K
pulling 065b9a7416ba: 100% ▕██████████████████▏  18 GB                         [K
pulling a3a0e9449cb6: 100% ▕██████████████████▏  13 KB                         [K
pulling 8893e08fa9f9: 100% ▕██████████████████▏   59 B                         [K
pulling 8972a96b8ff1: 100% ▕██████████████████▏  297 B                         [K
pulling 1fe1cf68a363: 100% ▕██████████████████▏  484 B                         [K
verifying sha256 digest ⠴ [K[?25h[?2026l[?2026h[?25l[A[A[A[A[A[A[1Gpulling manifest [K
pulling 065b9a7416ba: 100% ▕██████████████████▏  18 GB                         [K
pulling a3a0e9449cb6: 100% ▕██████████████████▏  13 KB                         [K
pulling 8893e08fa9f9: 100% ▕██████████████████▏   59 B                         [K
pulling 8972a96b8ff1: 100% ▕██████████████████▏  297 B                         [K
pulling 1fe1cf68a363: 100% ▕██████████████████▏  484 B                         [K
verifying sha256 digest ⠦ [K[?25h[?2026l[?2026h[?25l[A[A[A[A[A[A[1Gpulling manifest [K
pulling 065b9a7416ba: 100% ▕██████████████████▏  18 GB                         [K
pulling a3a0e9449cb6: 100% ▕██████████████████▏  13 KB                         [K
pulling 8893e08fa9f9: 100% ▕██████████████████▏   59 B                         [K
pulling 8972a96b8ff1: 100% ▕██████████████████▏  297 B                         [K
pulling 1fe1cf68a363: 100% ▕██████████████████▏  484 B                         [K
verifying sha256 digest ⠧ [K[?25h[?2026l[?2026h[?25l[A[A[A[A[A[A[1Gpulling manifest [K
pulling 065b9a7416ba: 100% ▕██████████████████▏  18 GB                         [K
pulling a3a0e9449cb6: 100% ▕██████████████████▏  13 KB                         [K
pulling 8893e08fa9f9: 100% ▕██████████████████▏   59 B                         [K
pulling 8972a96b8ff1: 100% ▕██████████████████▏  297 B                         [K
pulling 1fe1cf68a363: 100% ▕██████████████████▏  484 B                         [K
verifying sha256 digest ⠇ [K[?25h[?2026l[?2026h[?25l[A[A[A[A[A[A[1Gpulling manifest [K
pulling 065b9a7416ba: 100% ▕██████████████████▏  18 GB                         [K
pulling a3a0e9449cb6: 100% ▕██████████████████▏  13 KB                         [K
pulling 8893e08fa9f9: 100% ▕██████████████████▏   59 B                         [K
pulling 8972a96b8ff1: 100% ▕██████████████████▏  297 B                         [K
pulling 1fe1cf68a363: 100% ▕██████████████████▏  484 B                         [K
verifying sha256 digest ⠏ [K[?25h[?2026l[?2026h[?25l[A[A[A[A[A[A[1Gpulling manifest [K
pulling 065b9a7416ba: 100% ▕██████████████████▏  18 GB                         [K
pulling a3a0e9449cb6: 100% ▕██████████████████▏  13 KB                         [K
pulling 8893e08fa9f9: 100% ▕██████████████████▏   59 B                         [K
pulling 8972a96b8ff1: 100% ▕██████████████████▏  297 B                         [K
pulling 1fe1cf68a363: 100% ▕██████████████████▏  484 B                         [K
verifying sha256 digest ⠋ [K[?25h[?2026l[?2026h[?25l[A[A[A[A[A[A[1Gpulling manifest [K
pulling 065b9a7416ba: 100% ▕██████████████████▏  18 GB                         [K
pulling a3a0e9449cb6: 100% ▕██████████████████▏  13 KB                         [K
pulling 8893e08fa9f9: 100% ▕██████████████████▏   59 B                         [K
pulling 8972a96b8ff1: 100% ▕██████████████████▏  297 B                         [K
pulling 1fe1cf68a363: 100% ▕██████████████████▏  484 B                         [K
verifying sha256 digest ⠙ [K[?25h[?2026l[?2026h[?25l[A[A[A[A[A[A[1Gpulling manifest [K
pulling 065b9a7416ba: 100% ▕██████████████████▏  18 GB                         [K
pulling a3a0e9449cb6: 100% ▕██████████████████▏  13 KB                         [K
pulling 8893e08fa9f9: 100% ▕██████████████████▏   59 B                         [K
pulling 8972a96b8ff1: 100% ▕██████████████████▏  297 B                         [K
pulling 1fe1cf68a363: 100% ▕██████████████████▏  484 B                         [K
verifying sha256 digest ⠹ [K[?25h[?2026l[?2026h[?25l[A[A[A[A[A[A[1Gpulling manifest [K
pulling 065b9a7416ba: 100% ▕██████████████████▏  18 GB                         [K
pulling a3a0e9449cb6: 100% ▕██████████████████▏  13 KB                         [K
pulling 8893e08fa9f9: 100% ▕██████████████████▏   59 B                         [K
pulling 8972a96b8ff1: 100% ▕██████████████████▏  297 B                         [K
pulling 1fe1cf68a363: 100% ▕██████████████████▏  484 B                         [K
verifying sha256 digest ⠸ [K[?25h[?2026l[?2026h[?25l[A[A[A[A[A[A[1Gpulling manifest [K
pulling 065b9a7416ba: 100% ▕██████████████████▏  18 GB                         [K
pulling a3a0e9449cb6: 100% ▕██████████████████▏  13 KB                         [K
pulling 8893e08fa9f9: 100% ▕██████████████████▏   59 B                         [K
pulling 8972a96b8ff1: 100% ▕██████████████████▏  297 B                         [K
pulling 1fe1cf68a363: 100% ▕██████████████████▏  484 B                         [K
verifying sha256 digest ⠼ [K[?25h[?2026l[?2026h[?25l[A[A[A[A[A[A[1Gpulling manifest [K
pulling 065b9a7416ba: 100% ▕██████████████████▏  18 GB                         [K
pulling a3a0e9449cb6: 100% ▕██████████████████▏  13 KB                         [K
pulling 8893e08fa9f9: 100% ▕██████████████████▏   59 B                         [K
pulling 8972a96b8ff1: 100% ▕██████████████████▏  297 B                         [K
pulling 1fe1cf68a363: 100% ▕██████████████████▏  484 B                         [K
verifying sha256 digest ⠴ [K[?25h[?2026l[?2026h[?25l[A[A[A[A[A[A[1Gpulling manifest [K
pulling 065b9a7416ba: 100% ▕██████████████████▏  18 GB                         [K
pulling a3a0e9449cb6: 100% ▕██████████████████▏  13 KB                         [K
pulling 8893e08fa9f9: 100% ▕██████████████████▏   59 B                         [K
pulling 8972a96b8ff1: 100% ▕██████████████████▏  297 B                         [K
pulling 1fe1cf68a363: 100% ▕██████████████████▏  484 B                         [K
verifying sha256 digest ⠦ [K[?25h[?2026l[?2026h[?25l[A[A[A[A[A[A[1Gpulling manifest [K
pulling 065b9a7416ba: 100% ▕██████████████████▏  18 GB                         [K
pulling a3a0e9449cb6: 100% ▕██████████████████▏  13 KB                         [K
pulling 8893e08fa9f9: 100% ▕██████████████████▏   59 B                         [K
pulling 8972a96b8ff1: 100% ▕██████████████████▏  297 B                         [K
pulling 1fe1cf68a363: 100% ▕██████████████████▏  484 B                         [K
verifying sha256 digest ⠧ [K[?25h[?2026l[?2026h[?25l[A[A[A[A[A[A[1Gpulling manifest [K
pulling 065b9a7416ba: 100% ▕██████████████████▏  18 GB                         [K
pulling a3a0e9449cb6: 100% ▕██████████████████▏  13 KB                         [K
pulling 8893e08fa9f9: 100% ▕██████████████████▏   59 B                         [K
pulling 8972a96b8ff1: 100% ▕██████████████████▏  297 B                         [K
pulling 1fe1cf68a363: 100% ▕██████████████████▏  484 B                         [K
verifying sha256 digest ⠇ [K[?25h[?2026l[?2026h[?25l[A[A[A[A[A[A[1Gpulling manifest [K
pulling 065b9a7416ba: 100% ▕██████████████████▏  18 GB                         [K
pulling a3a0e9449cb6: 100% ▕██████████████████▏  13 KB                         [K
pulling 8893e08fa9f9: 100% ▕██████████████████▏   59 B                         [K
pulling 8972a96b8ff1: 100% ▕██████████████████▏  297 B                         [K
pulling 1fe1cf68a363: 100% ▕██████████████████▏  484 B                         [K
verifying sha256 digest ⠏ [K[?25h[?2026l[?2026h[?25l[A[A[A[A[A[A[1Gpulling manifest [K
pulling 065b9a7416ba: 100% ▕██████████████████▏  18 GB                         [K
pulling a3a0e9449cb6: 100% ▕██████████████████▏  13 KB                         [K
pulling 8893e08fa9f9: 100% ▕██████████████████▏   59 B                         [K
pulling 8972a96b8ff1: 100% ▕██████████████████▏  297 B                         [K
pulling 1fe1cf68a363: 100% ▕██████████████████▏  484 B                         [K
verifying sha256 digest ⠋ [K[?25h[?2026l[?2026h[?25l[A[A[A[A[A[A[1Gpulling manifest [K
pulling 065b9a7416ba: 100% ▕██████████████████▏  18 GB                         [K
pulling a3a0e9449cb6: 100% ▕██████████████████▏  13 KB                         [K
pulling 8893e08fa9f9: 100% ▕██████████████████▏   59 B                         [K
pulling 8972a96b8ff1: 100% ▕██████████████████▏  297 B                         [K
pulling 1fe1cf68a363: 100% ▕██████████████████▏  484 B                         [K
verifying sha256 digest ⠙ [K[?25h[?2026l[?2026h[?25l[A[A[A[A[A[A[1Gpulling manifest [K
pulling 065b9a7416ba: 100% ▕██████████████████▏  18 GB                         [K
pulling a3a0e9449cb6: 100% ▕██████████████████▏  13 KB                         [K
pulling 8893e08fa9f9: 100% ▕██████████████████▏   59 B                         [K
pulling 8972a96b8ff1: 100% ▕██████████████████▏  297 B                         [K
pulling 1fe1cf68a363: 100% ▕██████████████████▏  484 B                         [K
verifying sha256 digest ⠹ [K[?25h[?2026l[?2026h[?25l[A[A[A[A[A[A[1Gpulling manifest [K
pulling 065b9a7416ba: 100% ▕██████████████████▏  18 GB                         [K
pulling a3a0e9449cb6: 100% ▕██████████████████▏  13 KB                         [K
pulling 8893e08fa9f9: 100% ▕██████████████████▏   59 B                         [K
pulling 8972a96b8ff1: 100% ▕██████████████████▏  297 B                         [K
pulling 1fe1cf68a363: 100% ▕██████████████████▏  484 B                         [K
verifying sha256 digest ⠸ [K[?25h[?2026l[?2026h[?25l[A[A[A[A[A[A[1Gpulling manifest [K
pulling 065b9a7416ba: 100% ▕██████████████████▏  18 GB                         [K
pulling a3a0e9449cb6: 100% ▕██████████████████▏  13 KB                         [K
pulling 8893e08fa9f9: 100% ▕██████████████████▏   59 B                         [K
pulling 8972a96b8ff1: 100% ▕██████████████████▏  297 B                         [K
pulling 1fe1cf68a363: 100% ▕██████████████████▏  484 B                         [K
verifying sha256 digest ⠼ [K[?25h[?2026l[?2026h[?25l[A[A[A[A[A[A[1Gpulling manifest [K
pulling 065b9a7416ba: 100% ▕██████████████████▏  18 GB                         [K
pulling a3a0e9449cb6: 100% ▕██████████████████▏  13 KB                         [K
pulling 8893e08fa9f9: 100% ▕██████████████████▏   59 B                         [K
pulling 8972a96b8ff1: 100% ▕██████████████████▏  297 B                         [K
pulling 1fe1cf68a363: 100% ▕██████████████████▏  484 B                         [K
verifying sha256 digest ⠴ [K[?25h[?2026l[?2026h[?25l[A[A[A[A[A[A[1Gpulling manifest [K
pulling 065b9a7416ba: 100% ▕██████████████████▏  18 GB                         [K
pulling a3a0e9449cb6: 100% ▕██████████████████▏  13 KB                         [K
pulling 8893e08fa9f9: 100% ▕██████████████████▏   59 B                         [K
pulling 8972a96b8ff1: 100% ▕██████████████████▏  297 B                         [K
pulling 1fe1cf68a363: 100% ▕██████████████████▏  484 B                         [K
verifying sha256 digest ⠦ [K[?25h[?2026l[?2026h[?25l[A[A[A[A[A[A[1Gpulling manifest [K
pulling 065b9a7416ba: 100% ▕██████████████████▏  18 GB                         [K
pulling a3a0e9449cb6: 100% ▕██████████████████▏  13 KB                         [K
pulling 8893e08fa9f9: 100% ▕██████████████████▏   59 B                         [K
pulling 8972a96b8ff1: 100% ▕██████████████████▏  297 B                         [K
pulling 1fe1cf68a363: 100% ▕██████████████████▏  484 B                         [K
verifying sha256 digest ⠧ [K[?25h[?2026l[?2026h[?25l[A[A[A[A[A[A[1Gpulling manifest [K
pulling 065b9a7416ba: 100% ▕██████████████████▏  18 GB                         [K
pulling a3a0e9449cb6: 100% ▕██████████████████▏  13 KB                         [K
pulling 8893e08fa9f9: 100% ▕██████████████████▏   59 B                         [K
pulling 8972a96b8ff1: 100% ▕██████████████████▏  297 B                         [K
pulling 1fe1cf68a363: 100% ▕██████████████████▏  484 B                         [K
verifying sha256 digest ⠇ [K[?25h[?2026l[?2026h[?25l[A[A[A[A[A[A[1Gpulling manifest [K
pulling 065b9a7416ba: 100% ▕██████████████████▏  18 GB                         [K
pulling a3a0e9449cb6: 100% ▕██████████████████▏  13 KB                         [K
pulling 8893e08fa9f9: 100% ▕██████████████████▏   59 B                         [K
pulling 8972a96b8ff1: 100% ▕██████████████████▏  297 B                         [K
pulling 1fe1cf68a363: 100% ▕██████████████████▏  484 B                         [K
verifying sha256 digest ⠏ [K[?25h[?2026l[?2026h[?25l[A[A[A[A[A[A[1Gpulling manifest [K
pulling 065b9a7416ba: 100% ▕██████████████████▏  18 GB                         [K
pulling a3a0e9449cb6: 100% ▕██████████████████▏  13 KB                         [K
pulling 8893e08fa9f9: 100% ▕██████████████████▏   59 B                         [K
pulling 8972a96b8ff1: 100% ▕██████████████████▏  297 B                         [K
pulling 1fe1cf68a363: 100% ▕██████████████████▏  484 B                         [K
verifying sha256 digest ⠋ [K[?25h[?2026l[?2026h[?25l[A[A[A[A[A[A[1Gpulling manifest [K
pulling 065b9a7416ba: 100% ▕██████████████████▏  18 GB                         [K
pulling a3a0e9449cb6: 100% ▕██████████████████▏  13 KB                         [K
pulling 8893e08fa9f9: 100% ▕██████████████████▏   59 B                         [K
pulling 8972a96b8ff1: 100% ▕██████████████████▏  297 B                         [K
pulling 1fe1cf68a363: 100% ▕██████████████████▏  484 B                         [K
verifying sha256 digest ⠙ [K[?25h[?2026l[?2026h[?25l[A[A[A[A[A[A[1Gpulling manifest [K
pulling 065b9a7416ba: 100% ▕██████████████████▏  18 GB                         [K
pulling a3a0e9449cb6: 100% ▕██████████████████▏  13 KB                         [K
pulling 8893e08fa9f9: 100% ▕██████████████████▏   59 B                         [K
pulling 8972a96b8ff1: 100% ▕██████████████████▏  297 B                         [K
pulling 1fe1cf68a363: 100% ▕██████████████████▏  484 B                         [K
verifying sha256 digest ⠹ [K[?25h[?2026l[?2026h[?25l[A[A[A[A[A[A[1Gpulling manifest [K
pulling 065b9a7416ba: 100% ▕██████████████████▏  18 GB                         [K
pulling a3a0e9449cb6: 100% ▕██████████████████▏  13 KB                         [K
pulling 8893e08fa9f9: 100% ▕██████████████████▏   59 B                         [K
pulling 8972a96b8ff1: 100% ▕██████████████████▏  297 B                         [K
pulling 1fe1cf68a363: 100% ▕██████████████████▏  484 B                         [K
verifying sha256 digest ⠸ [K[?25h[?2026l[?2026h[?25l[A[A[A[A[A[A[1Gpulling manifest [K
pulling 065b9a7416ba: 100% ▕██████████████████▏  18 GB                         [K
pulling a3a0e9449cb6: 100% ▕██████████████████▏  13 KB                         [K
pulling 8893e08fa9f9: 100% ▕██████████████████▏   59 B                         [K
pulling 8972a96b8ff1: 100% ▕██████████████████▏  297 B                         [K
pulling 1fe1cf68a363: 100% ▕██████████████████▏  484 B                         [K
verifying sha256 digest ⠼ [K[?25h[?2026l[?2026h[?25l[A[A[A[A[A[A[1Gpulling manifest [K
pulling 065b9a7416ba: 100% ▕██████████████████▏  18 GB                         [K
pulling a3a0e9449cb6: 100% ▕██████████████████▏  13 KB                         [K
pulling 8893e08fa9f9: 100% ▕██████████████████▏   59 B                         [K
pulling 8972a96b8ff1: 100% ▕██████████████████▏  297 B                         [K
pulling 1fe1cf68a363: 100% ▕██████████████████▏  484 B                         [K
verifying sha256 digest ⠴ [K[?25h[?2026l[?2026h[?25l[A[A[A[A[A[A[1Gpulling manifest [K
pulling 065b9a7416ba: 100% ▕██████████████████▏  18 GB                         [K
pulling a3a0e9449cb6: 100% ▕██████████████████▏  13 KB                         [K
pulling 8893e08fa9f9: 100% ▕██████████████████▏   59 B                         [K
pulling 8972a96b8ff1: 100% ▕██████████████████▏  297 B                         [K
pulling 1fe1cf68a363: 100% ▕██████████████████▏  484 B                         [K
verifying sha256 digest ⠦ [K[?25h[?2026l[?2026h[?25l[A[A[A[A[A[A[1Gpulling manifest [K
pulling 065b9a7416ba: 100% ▕██████████████████▏  18 GB                         [K
pulling a3a0e9449cb6: 100% ▕██████████████████▏  13 KB                         [K
pulling 8893e08fa9f9: 100% ▕██████████████████▏   59 B                         [K
pulling 8972a96b8ff1: 100% ▕██████████████████▏  297 B                         [K
pulling 1fe1cf68a363: 100% ▕██████████████████▏  484 B                         [K
verifying sha256 digest ⠧ [K[?25h[?2026l[?2026h[?25l[A[A[A[A[A[A[1Gpulling manifest [K
pulling 065b9a7416ba: 100% ▕██████████████████▏  18 GB                         [K
pulling a3a0e9449cb6: 100% ▕██████████████████▏  13 KB                         [K
pulling 8893e08fa9f9: 100% ▕██████████████████▏   59 B                         [K
pulling 8972a96b8ff1: 100% ▕██████████████████▏  297 B                         [K
pulling 1fe1cf68a363: 100% ▕██████████████████▏  484 B                         [K
verifying sha256 digest ⠇ [K[?25h[?2026l[?2026h[?25l[A[A[A[A[A[A[1Gpulling manifest [K
pulling 065b9a7416ba: 100% ▕██████████████████▏  18 GB                         [K
pulling a3a0e9449cb6: 100% ▕██████████████████▏  13 KB                         [K
pulling 8893e08fa9f9: 100% ▕██████████████████▏   59 B                         [K
pulling 8972a96b8ff1: 100% ▕██████████████████▏  297 B                         [K
pulling 1fe1cf68a363: 100% ▕██████████████████▏  484 B                         [K
verifying sha256 digest ⠏ [K[?25h[?2026l[?2026h[?25l[A[A[A[A[A[A[1Gpulling manifest [K
pulling 065b9a7416ba: 100% ▕██████████████████▏  18 GB                         [K
pulling a3a0e9449cb6: 100% ▕██████████████████▏  13 KB                         [K
pulling 8893e08fa9f9: 100% ▕██████████████████▏   59 B                         [K
pulling 8972a96b8ff1: 100% ▕██████████████████▏  297 B                         [K
pulling 1fe1cf68a363: 100% ▕██████████████████▏  484 B                         [K
verifying sha256 digest ⠋ [K[?25h[?2026l[?2026h[?25l[A[A[A[A[A[A[1Gpulling manifest [K
pulling 065b9a7416ba: 100% ▕██████████████████▏  18 GB                         [K
pulling a3a0e9449cb6: 100% ▕██████████████████▏  13 KB                         [K
pulling 8893e08fa9f9: 100% ▕██████████████████▏   59 B                         [K
pulling 8972a96b8ff1: 100% ▕██████████████████▏  297 B                         [K
pulling 1fe1cf68a363: 100% ▕██████████████████▏  484 B                         [K
verifying sha256 digest ⠙ [K[?25h[?2026l[?2026h[?25l[A[A[A[A[A[A[1Gpulling manifest [K
pulling 065b9a7416ba: 100% ▕██████████████████▏  18 GB                         [K
pulling a3a0e9449cb6: 100% ▕██████████████████▏  13 KB                         [K
pulling 8893e08fa9f9: 100% ▕██████████████████▏   59 B                         [K
pulling 8972a96b8ff1: 100% ▕██████████████████▏  297 B                         [K
pulling 1fe1cf68a363: 100% ▕██████████████████▏  484 B                         [K
verifying sha256 digest ⠹ [K[?25h[?2026l[?2026h[?25l[A[A[A[A[A[A[1Gpulling manifest [K
pulling 065b9a7416ba: 100% ▕██████████████████▏  18 GB                         [K
pulling a3a0e9449cb6: 100% ▕██████████████████▏  13 KB                         [K
pulling 8893e08fa9f9: 100% ▕██████████████████▏   59 B                         [K
pulling 8972a96b8ff1: 100% ▕██████████████████▏  297 B                         [K
pulling 1fe1cf68a363: 100% ▕██████████████████▏  484 B                         [K
verifying sha256 digest ⠸ [K[?25h[?2026l[?2026h[?25l[A[A[A[A[A[A[1Gpulling manifest [K
pulling 065b9a7416ba: 100% ▕██████████████████▏  18 GB                         [K
pulling a3a0e9449cb6: 100% ▕██████████████████▏  13 KB                         [K
pulling 8893e08fa9f9: 100% ▕██████████████████▏   59 B                         [K
pulling 8972a96b8ff1: 100% ▕██████████████████▏  297 B                         [K
pulling 1fe1cf68a363: 100% ▕██████████████████▏  484 B                         [K
verifying sha256 digest ⠼ [K[?25h[?2026l[?2026h[?25l[A[A[A[A[A[A[1Gpulling manifest [K
pulling 065b9a7416ba: 100% ▕██████████████████▏  18 GB                         [K
pulling a3a0e9449cb6: 100% ▕██████████████████▏  13 KB                         [K
pulling 8893e08fa9f9: 100% ▕██████████████████▏   59 B                         [K
pulling 8972a96b8ff1: 100% ▕██████████████████▏  297 B                         [K
pulling 1fe1cf68a363: 100% ▕██████████████████▏  484 B                         [K
verifying sha256 digest ⠴ [K[?25h[?2026l[?2026h[?25l[A[A[A[A[A[A[1Gpulling manifest [K
pulling 065b9a7416ba: 100% ▕██████████████████▏  18 GB                         [K
pulling a3a0e9449cb6: 100% ▕██████████████████▏  13 KB                         [K
pulling 8893e08fa9f9: 100% ▕██████████████████▏   59 B                         [K
pulling 8972a96b8ff1: 100% ▕██████████████████▏  297 B                         [K
pulling 1fe1cf68a363: 100% ▕██████████████████▏  484 B                         [K
verifying sha256 digest ⠦ [K[?25h[?2026l[?2026h[?25l[A[A[A[A[A[A[1Gpulling manifest [K
pulling 065b9a7416ba: 100% ▕██████████████████▏  18 GB                         [K
pulling a3a0e9449cb6: 100% ▕██████████████████▏  13 KB                         [K
pulling 8893e08fa9f9: 100% ▕██████████████████▏   59 B                         [K
pulling 8972a96b8ff1: 100% ▕██████████████████▏  297 B                         [K
pulling 1fe1cf68a363: 100% ▕██████████████████▏  484 B                         [K
verifying sha256 digest ⠧ [K[?25h[?2026l[?2026h[?25l[A[A[A[A[A[A[1Gpulling manifest [K
pulling 065b9a7416ba: 100% ▕██████████████████▏  18 GB                         [K
pulling a3a0e9449cb6: 100% ▕██████████████████▏  13 KB                         [K
pulling 8893e08fa9f9: 100% ▕██████████████████▏   59 B                         [K
pulling 8972a96b8ff1: 100% ▕██████████████████▏  297 B                         [K
pulling 1fe1cf68a363: 100% ▕██████████████████▏  484 B                         [K
verifying sha256 digest ⠇ [K[?25h[?2026l[?2026h[?25l[A[A[A[A[A[A[1Gpulling manifest [K
pulling 065b9a7416ba: 100% ▕██████████████████▏  18 GB                         [K
pulling a3a0e9449cb6: 100% ▕██████████████████▏  13 KB                         [K
pulling 8893e08fa9f9: 100% ▕██████████████████▏   59 B                         [K
pulling 8972a96b8ff1: 100% ▕██████████████████▏  297 B                         [K
pulling 1fe1cf68a363: 100% ▕██████████████████▏  484 B                         [K
verifying sha256 digest ⠏ [K[?25h[?2026l[?2026h[?25l[A[A[A[A[A[A[1Gpulling manifest [K
pulling 065b9a7416ba: 100% ▕██████████████████▏  18 GB                         [K
pulling a3a0e9449cb6: 100% ▕██████████████████▏  13 KB                         [K
pulling 8893e08fa9f9: 100% ▕██████████████████▏   59 B                         [K
pulling 8972a96b8ff1: 100% ▕██████████████████▏  297 B                         [K
pulling 1fe1cf68a363: 100% ▕██████████████████▏  484 B                         [K
verifying sha256 digest ⠋ [K[?25h[?2026l[?2026h[?25l[A[A[A[A[A[A[1Gpulling manifest [K
pulling 065b9a7416ba: 100% ▕██████████████████▏  18 GB                         [K
pulling a3a0e9449cb6: 100% ▕██████████████████▏  13 KB                         [K
pulling 8893e08fa9f9: 100% ▕██████████████████▏   59 B                         [K
pulling 8972a96b8ff1: 100% ▕██████████████████▏  297 B                         [K
pulling 1fe1cf68a363: 100% ▕██████████████████▏  484 B                         [K
verifying sha256 digest ⠙ [K[?25h[?2026l[?2026h[?25l[A[A[A[A[A[A[1Gpulling manifest [K
pulling 065b9a7416ba: 100% ▕██████████████████▏  18 GB                         [K
pulling a3a0e9449cb6: 100% ▕██████████████████▏  13 KB                         [K
pulling 8893e08fa9f9: 100% ▕██████████████████▏   59 B                         [K
pulling 8972a96b8ff1: 100% ▕██████████████████▏  297 B                         [K
pulling 1fe1cf68a363: 100% ▕██████████████████▏  484 B                         [K
verifying sha256 digest ⠹ [K[?25h[?2026l[?2026h[?25l[A[A[A[A[A[A[1Gpulling manifest [K
pulling 065b9a7416ba: 100% ▕██████████████████▏  18 GB                         [K
pulling a3a0e9449cb6: 100% ▕██████████████████▏  13 KB                         [K
pulling 8893e08fa9f9: 100% ▕██████████████████▏   59 B                         [K
pulling 8972a96b8ff1: 100% ▕██████████████████▏  297 B                         [K
pulling 1fe1cf68a363: 100% ▕██████████████████▏  484 B                         [K
verifying sha256 digest ⠸ [K[?25h[?2026l[?2026h[?25l[A[A[A[A[A[A[1Gpulling manifest [K
pulling 065b9a7416ba: 100% ▕██████████████████▏  18 GB                         [K
pulling a3a0e9449cb6: 100% ▕██████████████████▏  13 KB                         [K
pulling 8893e08fa9f9: 100% ▕██████████████████▏   59 B                         [K
pulling 8972a96b8ff1: 100% ▕██████████████████▏  297 B                         [K
pulling 1fe1cf68a363: 100% ▕██████████████████▏  484 B                         [K
verifying sha256 digest ⠼ [K[?25h[?2026l[?2026h[?25l[A[A[A[A[A[A[1Gpulling manifest [K
pulling 065b9a7416ba: 100% ▕██████████████████▏  18 GB                         [K
pulling a3a0e9449cb6: 100% ▕██████████████████▏  13 KB                         [K
pulling 8893e08fa9f9: 100% ▕██████████████████▏   59 B                         [K
pulling 8972a96b8ff1: 100% ▕██████████████████▏  297 B                         [K
pulling 1fe1cf68a363: 100% ▕██████████████████▏  484 B                         [K
verifying sha256 digest ⠴ [K[?25h[?2026l[?2026h[?25l[A[A[A[A[A[A[1Gpulling manifest [K
pulling 065b9a7416ba: 100% ▕██████████████████▏  18 GB                         [K
pulling a3a0e9449cb6: 100% ▕██████████████████▏  13 KB                         [K
pulling 8893e08fa9f9: 100% ▕██████████████████▏   59 B                         [K
pulling 8972a96b8ff1: 100% ▕██████████████████▏  297 B                         [K
pulling 1fe1cf68a363: 100% ▕██████████████████▏  484 B                         [K
verifying sha256 digest ⠦ [K[?25h[?2026l[?2026h[?25l[A[A[A[A[A[A[1Gpulling manifest [K
pulling 065b9a7416ba: 100% ▕██████████████████▏  18 GB                         [K
pulling a3a0e9449cb6: 100% ▕██████████████████▏  13 KB                         [K
pulling 8893e08fa9f9: 100% ▕██████████████████▏   59 B                         [K
pulling 8972a96b8ff1: 100% ▕██████████████████▏  297 B                         [K
pulling 1fe1cf68a363: 100% ▕██████████████████▏  484 B                         [K
verifying sha256 digest ⠧ [K[?25h[?2026l[?2026h[?25l[A[A[A[A[A[A[1Gpulling manifest [K
pulling 065b9a7416ba: 100% ▕██████████████████▏  18 GB                         [K
pulling a3a0e9449cb6: 100% ▕██████████████████▏  13 KB                         [K
pulling 8893e08fa9f9: 100% ▕██████████████████▏   59 B                         [K
pulling 8972a96b8ff1: 100% ▕██████████████████▏  297 B                         [K
pulling 1fe1cf68a363: 100% ▕██████████████████▏  484 B                         [K
verifying sha256 digest ⠇ [K[?25h[?2026l[?2026h[?25l[A[A[A[A[A[A[1Gpulling manifest [K
pulling 065b9a7416ba: 100% ▕██████████████████▏  18 GB                         [K
pulling a3a0e9449cb6: 100% ▕██████████████████▏  13 KB                         [K
pulling 8893e08fa9f9: 100% ▕██████████████████▏   59 B                         [K
pulling 8972a96b8ff1: 100% ▕██████████████████▏  297 B                         [K
pulling 1fe1cf68a363: 100% ▕██████████████████▏  484 B                         [K
verifying sha256 digest ⠏ [K[?25h[?2026l[?2026h[?25l[A[A[A[A[A[A[1Gpulling manifest [K
pulling 065b9a7416ba: 100% ▕██████████████████▏  18 GB                         [K
pulling a3a0e9449cb6: 100% ▕██████████████████▏  13 KB                         [K
pulling 8893e08fa9f9: 100% ▕██████████████████▏   59 B                         [K
pulling 8972a96b8ff1: 100% ▕██████████████████▏  297 B                         [K
pulling 1fe1cf68a363: 100% ▕██████████████████▏  484 B                         [K
verifying sha256 digest ⠋ [K[?25h[?2026l[?2026h[?25l[A[A[A[A[A[A[1Gpulling manifest [K
pulling 065b9a7416ba: 100% ▕██████████████████▏  18 GB                         [K
pulling a3a0e9449cb6: 100% ▕██████████████████▏  13 KB                         [K
pulling 8893e08fa9f9: 100% ▕██████████████████▏   59 B                         [K
pulling 8972a96b8ff1: 100% ▕██████████████████▏  297 B                         [K
pulling 1fe1cf68a363: 100% ▕██████████████████▏  484 B                         [K
verifying sha256 digest ⠙ [K[?25h[?2026l[?2026h[?25l[A[A[A[A[A[A[1Gpulling manifest [K
pulling 065b9a7416ba: 100% ▕██████████████████▏  18 GB                         [K
pulling a3a0e9449cb6: 100% ▕██████████████████▏  13 KB                         [K
pulling 8893e08fa9f9: 100% ▕██████████████████▏   59 B                         [K
pulling 8972a96b8ff1: 100% ▕██████████████████▏  297 B                         [K
pulling 1fe1cf68a363: 100% ▕██████████████████▏  484 B                         [K
verifying sha256 digest ⠹ [K[?25h[?2026l[?2026h[?25l[A[A[A[A[A[A[1Gpulling manifest [K
pulling 065b9a7416ba: 100% ▕██████████████████▏  18 GB                         [K
pulling a3a0e9449cb6: 100% ▕██████████████████▏  13 KB                         [K
pulling 8893e08fa9f9: 100% ▕██████████████████▏   59 B                         [K
pulling 8972a96b8ff1: 100% ▕██████████████████▏  297 B                         [K
pulling 1fe1cf68a363: 100% ▕██████████████████▏  484 B                         [K
verifying sha256 digest ⠸ [K[?25h[?2026l[?2026h[?25l[A[A[A[A[A[A[1Gpulling manifest [K
pulling 065b9a7416ba: 100% ▕██████████████████▏  18 GB                         [K
pulling a3a0e9449cb6: 100% ▕██████████████████▏  13 KB                         [K
pulling 8893e08fa9f9: 100% ▕██████████████████▏   59 B                         [K
pulling 8972a96b8ff1: 100% ▕██████████████████▏  297 B                         [K
pulling 1fe1cf68a363: 100% ▕██████████████████▏  484 B                         [K
verifying sha256 digest ⠼ [K[?25h[?2026l[?2026h[?25l[A[A[A[A[A[A[1Gpulling manifest [K
pulling 065b9a7416ba: 100% ▕██████████████████▏  18 GB                         [K
pulling a3a0e9449cb6: 100% ▕██████████████████▏  13 KB                         [K
pulling 8893e08fa9f9: 100% ▕██████████████████▏   59 B                         [K
pulling 8972a96b8ff1: 100% ▕██████████████████▏  297 B                         [K
pulling 1fe1cf68a363: 100% ▕██████████████████▏  484 B                         [K
verifying sha256 digest ⠴ [K[?25h[?2026l[?2026h[?25l[A[A[A[A[A[A[1Gpulling manifest [K
pulling 065b9a7416ba: 100% ▕██████████████████▏  18 GB                         [K
pulling a3a0e9449cb6: 100% ▕██████████████████▏  13 KB                         [K
pulling 8893e08fa9f9: 100% ▕██████████████████▏   59 B                         [K
pulling 8972a96b8ff1: 100% ▕██████████████████▏  297 B                         [K
pulling 1fe1cf68a363: 100% ▕██████████████████▏  484 B                         [K
verifying sha256 digest ⠦ [K[?25h[?2026l[?2026h[?25l[A[A[A[A[A[A[1Gpulling manifest [K
pulling 065b9a7416ba: 100% ▕██████████████████▏  18 GB                         [K
pulling a3a0e9449cb6: 100% ▕██████████████████▏  13 KB                         [K
pulling 8893e08fa9f9: 100% ▕██████████████████▏   59 B                         [K
pulling 8972a96b8ff1: 100% ▕██████████████████▏  297 B                         [K
pulling 1fe1cf68a363: 100% ▕██████████████████▏  484 B                         [K
verifying sha256 digest ⠧ [K[?25h[?2026l[?2026h[?25l[A[A[A[A[A[A[1Gpulling manifest [K
pulling 065b9a7416ba: 100% ▕██████████████████▏  18 GB                         [K
pulling a3a0e9449cb6: 100% ▕██████████████████▏  13 KB                         [K
pulling 8893e08fa9f9: 100% ▕██████████████████▏   59 B                         [K
pulling 8972a96b8ff1: 100% ▕██████████████████▏  297 B                         [K
pulling 1fe1cf68a363: 100% ▕██████████████████▏  484 B                         [K
verifying sha256 digest ⠇ [K[?25h[?2026l[?2026h[?25l[A[A[A[A[A[A[1Gpulling manifest [K
pulling 065b9a7416ba: 100% ▕██████████████████▏  18 GB                         [K
pulling a3a0e9449cb6: 100% ▕██████████████████▏  13 KB                         [K
pulling 8893e08fa9f9: 100% ▕██████████████████▏   59 B                         [K
pulling 8972a96b8ff1: 100% ▕██████████████████▏  297 B                         [K
pulling 1fe1cf68a363: 100% ▕██████████████████▏  484 B                         [K
verifying sha256 digest ⠏ [K[?25h[?2026l[?2026h[?25l[A[A[A[A[A[A[1Gpulling manifest [K
pulling 065b9a7416ba: 100% ▕██████████████████▏  18 GB                         [K
pulling a3a0e9449cb6: 100% ▕██████████████████▏  13 KB                         [K
pulling 8893e08fa9f9: 100% ▕██████████████████▏   59 B                         [K
pulling 8972a96b8ff1: 100% ▕██████████████████▏  297 B                         [K
pulling 1fe1cf68a363: 100% ▕██████████████████▏  484 B                         [K
verifying sha256 digest ⠋ [K[?25h[?2026l[?2026h[?25l[A[A[A[A[A[A[1Gpulling manifest [K
pulling 065b9a7416ba: 100% ▕██████████████████▏  18 GB                         [K
pulling a3a0e9449cb6: 100% ▕██████████████████▏  13 KB                         [K
pulling 8893e08fa9f9: 100% ▕██████████████████▏   59 B                         [K
pulling 8972a96b8ff1: 100% ▕██████████████████▏  297 B                         [K
pulling 1fe1cf68a363: 100% ▕██████████████████▏  484 B                         [K
verifying sha256 digest ⠙ [K[?25h[?2026l[?2026h[?25l[A[A[A[A[A[A[1Gpulling manifest [K
pulling 065b9a7416ba: 100% ▕██████████████████▏  18 GB                         [K
pulling a3a0e9449cb6: 100% ▕██████████████████▏  13 KB                         [K
pulling 8893e08fa9f9: 100% ▕██████████████████▏   59 B                         [K
pulling 8972a96b8ff1: 100% ▕██████████████████▏  297 B                         [K
pulling 1fe1cf68a363: 100% ▕██████████████████▏  484 B                         [K
verifying sha256 digest ⠹ [K[?25h[?2026l[?2026h[?25l[A[A[A[A[A[A[1Gpulling manifest [K
pulling 065b9a7416ba: 100% ▕██████████████████▏  18 GB                         [K
pulling a3a0e9449cb6: 100% ▕██████████████████▏  13 KB                         [K
pulling 8893e08fa9f9: 100% ▕██████████████████▏   59 B                         [K
pulling 8972a96b8ff1: 100% ▕██████████████████▏  297 B                         [K
pulling 1fe1cf68a363: 100% ▕██████████████████▏  484 B                         [K
verifying sha256 digest ⠸ [K[?25h[?2026l[?2026h[?25l[A[A[A[A[A[A[1Gpulling manifest [K
pulling 065b9a7416ba: 100% ▕██████████████████▏  18 GB                         [K
pulling a3a0e9449cb6: 100% ▕██████████████████▏  13 KB                         [K
pulling 8893e08fa9f9: 100% ▕██████████████████▏   59 B                         [K
pulling 8972a96b8ff1: 100% ▕██████████████████▏  297 B                         [K
pulling 1fe1cf68a363: 100% ▕██████████████████▏  484 B                         [K
verifying sha256 digest ⠼ [K[?25h[?2026l[?2026h[?25l[A[A[A[A[A[A[1Gpulling manifest [K
pulling 065b9a7416ba: 100% ▕██████████████████▏  18 GB                         [K
pulling a3a0e9449cb6: 100% ▕██████████████████▏  13 KB                         [K
pulling 8893e08fa9f9: 100% ▕██████████████████▏   59 B                         [K
pulling 8972a96b8ff1: 100% ▕██████████████████▏  297 B                         [K
pulling 1fe1cf68a363: 100% ▕██████████████████▏  484 B                         [K
verifying sha256 digest ⠴ [K[?25h[?2026l[?2026h[?25l[A[A[A[A[A[A[1Gpulling manifest [K
pulling 065b9a7416ba: 100% ▕██████████████████▏  18 GB                         [K
pulling a3a0e9449cb6: 100% ▕██████████████████▏  13 KB                         [K
pulling 8893e08fa9f9: 100% ▕██████████████████▏   59 B                         [K
pulling 8972a96b8ff1: 100% ▕██████████████████▏  297 B                         [K
pulling 1fe1cf68a363: 100% ▕██████████████████▏  484 B                         [K
verifying sha256 digest ⠦ [K[?25h[?2026l[?2026h[?25l[A[A[A[A[A[A[1Gpulling manifest [K
pulling 065b9a7416ba: 100% ▕██████████████████▏  18 GB                         [K
pulling a3a0e9449cb6: 100% ▕██████████████████▏  13 KB                         [K
pulling 8893e08fa9f9: 100% ▕██████████████████▏   59 B                         [K
pulling 8972a96b8ff1: 100% ▕██████████████████▏  297 B                         [K
pulling 1fe1cf68a363: 100% ▕██████████████████▏  484 B                         [K
verifying sha256 digest ⠧ [K[?25h[?2026l[?2026h[?25l[A[A[A[A[A[A[1Gpulling manifest [K
pulling 065b9a7416ba: 100% ▕██████████████████▏  18 GB                         [K
pulling a3a0e9449cb6: 100% ▕██████████████████▏  13 KB                         [K
pulling 8893e08fa9f9: 100% ▕██████████████████▏   59 B                         [K
pulling 8972a96b8ff1: 100% ▕██████████████████▏  297 B                         [K
pulling 1fe1cf68a363: 100% ▕██████████████████▏  484 B                         [K
verifying sha256 digest ⠇ [K[?25h[?2026l[?2026h[?25l[A[A[A[A[A[A[1Gpulling manifest [K
pulling 065b9a7416ba: 100% ▕██████████████████▏  18 GB                         [K
pulling a3a0e9449cb6: 100% ▕██████████████████▏  13 KB                         [K
pulling 8893e08fa9f9: 100% ▕██████████████████▏   59 B                         [K
pulling 8972a96b8ff1: 100% ▕██████████████████▏  297 B                         [K
pulling 1fe1cf68a363: 100% ▕██████████████████▏  484 B                         [K
verifying sha256 digest ⠏ [K[?25h[?2026l[?2026h[?25l[A[A[A[A[A[A[1Gpulling manifest [K
pulling 065b9a7416ba: 100% ▕██████████████████▏  18 GB                         [K
pulling a3a0e9449cb6: 100% ▕██████████████████▏  13 KB                         [K
pulling 8893e08fa9f9: 100% ▕██████████████████▏   59 B                         [K
pulling 8972a96b8ff1: 100% ▕██████████████████▏  297 B                         [K
pulling 1fe1cf68a363: 100% ▕██████████████████▏  484 B                         [K
verifying sha256 digest ⠋ [K[?25h[?2026l[?2026h[?25l[A[A[A[A[A[A[1Gpulling manifest [K
pulling 065b9a7416ba: 100% ▕██████████████████▏  18 GB                         [K
pulling a3a0e9449cb6: 100% ▕██████████████████▏  13 KB                         [K
pulling 8893e08fa9f9: 100% ▕██████████████████▏   59 B                         [K
pulling 8972a96b8ff1: 100% ▕██████████████████▏  297 B                         [K
pulling 1fe1cf68a363: 100% ▕██████████████████▏  484 B                         [K
verifying sha256 digest ⠙ [K[?25h[?2026l[?2026h[?25l[A[A[A[A[A[A[1Gpulling manifest [K
pulling 065b9a7416ba: 100% ▕██████████████████▏  18 GB                         [K
pulling a3a0e9449cb6: 100% ▕██████████████████▏  13 KB                         [K
pulling 8893e08fa9f9: 100% ▕██████████████████▏   59 B                         [K
pulling 8972a96b8ff1: 100% ▕██████████████████▏  297 B                         [K
pulling 1fe1cf68a363: 100% ▕██████████████████▏  484 B                         [K
verifying sha256 digest ⠹ [K[?25h[?2026l[?2026h[?25l[A[A[A[A[A[A[1Gpulling manifest [K
pulling 065b9a7416ba: 100% ▕██████████████████▏  18 GB                         [K
pulling a3a0e9449cb6: 100% ▕██████████████████▏  13 KB                         [K
pulling 8893e08fa9f9: 100% ▕██████████████████▏   59 B                         [K
pulling 8972a96b8ff1: 100% ▕██████████████████▏  297 B                         [K
pulling 1fe1cf68a363: 100% ▕██████████████████▏  484 B                         [K
verifying sha256 digest ⠸ [K[?25h[?2026l[?2026h[?25l[A[A[A[A[A[A[1Gpulling manifest [K
pulling 065b9a7416ba: 100% ▕██████████████████▏  18 GB                         [K
pulling a3a0e9449cb6: 100% ▕██████████████████▏  13 KB                         [K
pulling 8893e08fa9f9: 100% ▕██████████████████▏   59 B                         [K
pulling 8972a96b8ff1: 100% ▕██████████████████▏  297 B                         [K
pulling 1fe1cf68a363: 100% ▕██████████████████▏  484 B                         [K
verifying sha256 digest ⠼ [K[?25h[?2026l[?2026h[?25l[A[A[A[A[A[A[1Gpulling manifest [K
pulling 065b9a7416ba: 100% ▕██████████████████▏  18 GB                         [K
pulling a3a0e9449cb6: 100% ▕██████████████████▏  13 KB                         [K
pulling 8893e08fa9f9: 100% ▕██████████████████▏   59 B                         [K
pulling 8972a96b8ff1: 100% ▕██████████████████▏  297 B                         [K
pulling 1fe1cf68a363: 100% ▕██████████████████▏  484 B                         [K
verifying sha256 digest ⠴ [K[?25h[?2026l[?2026h[?25l[A[A[A[A[A[A[1Gpulling manifest [K
pulling 065b9a7416ba: 100% ▕██████████████████▏  18 GB                         [K
pulling a3a0e9449cb6: 100% ▕██████████████████▏  13 KB                         [K
pulling 8893e08fa9f9: 100% ▕██████████████████▏   59 B                         [K
pulling 8972a96b8ff1: 100% ▕██████████████████▏  297 B                         [K
pulling 1fe1cf68a363: 100% ▕██████████████████▏  484 B                         [K
verifying sha256 digest ⠦ [K[?25h[?2026l[?2026h[?25l[A[A[A[A[A[A[1Gpulling manifest [K
pulling 065b9a7416ba: 100% ▕██████████████████▏  18 GB                         [K
pulling a3a0e9449cb6: 100% ▕██████████████████▏  13 KB                         [K
pulling 8893e08fa9f9: 100% ▕██████████████████▏   59 B                         [K
pulling 8972a96b8ff1: 100% ▕██████████████████▏  297 B                         [K
pulling 1fe1cf68a363: 100% ▕██████████████████▏  484 B                         [K
verifying sha256 digest ⠧ [K[?25h[?2026l[?2026h[?25l[A[A[A[A[A[A[1Gpulling manifest [K
pulling 065b9a7416ba: 100% ▕██████████████████▏  18 GB                         [K
pulling a3a0e9449cb6: 100% ▕██████████████████▏  13 KB                         [K
pulling 8893e08fa9f9: 100% ▕██████████████████▏   59 B                         [K
pulling 8972a96b8ff1: 100% ▕██████████████████▏  297 B                         [K
pulling 1fe1cf68a363: 100% ▕██████████████████▏  484 B                         [K
verifying sha256 digest ⠇ [K[?25h[?2026l[?2026h[?25l[A[A[A[A[A[A[1Gpulling manifest [K
pulling 065b9a7416ba: 100% ▕██████████████████▏  18 GB                         [K
pulling a3a0e9449cb6: 100% ▕██████████████████▏  13 KB                         [K
pulling 8893e08fa9f9: 100% ▕██████████████████▏   59 B                         [K
pulling 8972a96b8ff1: 100% ▕██████████████████▏  297 B                         [K
pulling 1fe1cf68a363: 100% ▕██████████████████▏  484 B                         [K
verifying sha256 digest ⠏ [K[?25h[?2026l[?2026h[?25l[A[A[A[A[A[A[1Gpulling manifest [K
pulling 065b9a7416ba: 100% ▕██████████████████▏  18 GB                         [K
pulling a3a0e9449cb6: 100% ▕██████████████████▏  13 KB                         [K
pulling 8893e08fa9f9: 100% ▕██████████████████▏   59 B                         [K
pulling 8972a96b8ff1: 100% ▕██████████████████▏  297 B                         [K
pulling 1fe1cf68a363: 100% ▕██████████████████▏  484 B                         [K
verifying sha256 digest ⠋ [K[?25h[?2026l[?2026h[?25l[A[A[A[A[A[A[1Gpulling manifest [K
pulling 065b9a7416ba: 100% ▕██████████████████▏  18 GB                         [K
pulling a3a0e9449cb6: 100% ▕██████████████████▏  13 KB                         [K
pulling 8893e08fa9f9: 100% ▕██████████████████▏   59 B                         [K
pulling 8972a96b8ff1: 100% ▕██████████████████▏  297 B                         [K
pulling 1fe1cf68a363: 100% ▕██████████████████▏  484 B                         [K
verifying sha256 digest ⠙ [K[?25h[?2026l[?2026h[?25l[A[A[A[A[A[A[1Gpulling manifest [K
pulling 065b9a7416ba: 100% ▕██████████████████▏  18 GB                         [K
pulling a3a0e9449cb6: 100% ▕██████████████████▏  13 KB                         [K
pulling 8893e08fa9f9: 100% ▕██████████████████▏   59 B                         [K
pulling 8972a96b8ff1: 100% ▕██████████████████▏  297 B                         [K
pulling 1fe1cf68a363: 100% ▕██████████████████▏  484 B                         [K
verifying sha256 digest ⠹ [K[?25h[?2026l[?2026h[?25l[A[A[A[A[A[A[1Gpulling manifest [K
pulling 065b9a7416ba: 100% ▕██████████████████▏  18 GB                         [K
pulling a3a0e9449cb6: 100% ▕██████████████████▏  13 KB                         [K
pulling 8893e08fa9f9: 100% ▕██████████████████▏   59 B                         [K
pulling 8972a96b8ff1: 100% ▕██████████████████▏  297 B                         [K
pulling 1fe1cf68a363: 100% ▕██████████████████▏  484 B                         [K
verifying sha256 digest ⠸ [K[?25h[?2026l[?2026h[?25l[A[A[A[A[A[A[1Gpulling manifest [K
pulling 065b9a7416ba: 100% ▕██████████████████▏  18 GB                         [K
pulling a3a0e9449cb6: 100% ▕██████████████████▏  13 KB                         [K
pulling 8893e08fa9f9: 100% ▕██████████████████▏   59 B                         [K
pulling 8972a96b8ff1: 100% ▕██████████████████▏  297 B                         [K
pulling 1fe1cf68a363: 100% ▕██████████████████▏  484 B                         [K
verifying sha256 digest ⠼ [K[?25h[?2026l[?2026h[?25l[A[A[A[A[A[A[1Gpulling manifest [K
pulling 065b9a7416ba: 100% ▕██████████████████▏  18 GB                         [K
pulling a3a0e9449cb6: 100% ▕██████████████████▏  13 KB                         [K
pulling 8893e08fa9f9: 100% ▕██████████████████▏   59 B                         [K
pulling 8972a96b8ff1: 100% ▕██████████████████▏  297 B                         [K
pulling 1fe1cf68a363: 100% ▕██████████████████▏  484 B                         [K
verifying sha256 digest [K
writing manifest [K
success [K[?25h[?2026l
